global_id,chapter,section,section_name,source_question_no,pdf_page_start,pdf_page_end,answer,question
q1,1,tf,是非題,1,1,1,O,稀少性意指可為人們所用的商品或資源其數量要比人們想要的來得少。
q2,1,tf,是非題,2,1,1,X,經濟學是一門研究社會如何平均分配商品與服務的科學。
q3,1,tf,是非題,3,1,1,X,經濟學是一門研究社會如何配置其無限資源的科學。
q4,1,tf,是非題,4,1,1,X,只要小心計畫，我們就可以在不需付出任何代價或成本的情況下，獲取某一 事物。
q5,1,tf,是非題,5,1,1,O,選擇不去聽音樂會而把時間留下來準備考試是一個取捨的例子。
q6,1,tf,是非題,6,1,1,X,效率意指經濟體系中的每一個人都應該得到相同份額的商品與服務。
q7,1,tf,是非題,7,1,1,O,效率指的是經濟餅的大小，而均等指的是整個餅如何切割。
q8,1,tf,是非題,8,1,1,O,一般而言，政府政策無法同時兼顧效率與均等。
q9,1,tf,是非題,9,1,1,O,當一個人在決定如何配置其有限的時間時，她同時面對稀少性與取捨問題。
q10,1,tf,是非題,10,1,1,X,某一行動的機會成本是為了進行該行動所付出的金錢。
q11,1,tf,是非題,11,1,1,X,就大多數學生而言，上大學的最大單項成本是學費。
q12,1,tf,是非題,12,2,2,X,如果會計師的薪資提升了，則表示他們休閒時間的機會成本變低了。
q13,1,tf,是非題,13,2,2,O,邊際變動是既有行動的額外微幅變動。
q14,1,tf,是非題,14,2,2,X,當某一活動的邊際成本增加時，理性的人們一定會選擇不再進行該活動。
q15,1,tf,是非題,15,2,2,X,生命所需的水如此便宜，而不是生命所需的鑽石卻如此昂貴，表示人們是不 理性的。
q16,1,tf,是非題,16,2,2,X,一個理性的決策者會在成本大於效益時採取行動。
q17,1,tf,是非題,17,2,2,O,提高汽油的稅額會鼓勵人們多開較小、較省油的汽車。
q18,1,tf,是非題,18,2,2,X,國與國之間的貿易就像球類競賽那樣，有一方贏且另一方輸。
q19,1,tf,是非題,19,2,2,O,如果沒有國際貿易，我們就不會有今天的生活水準。
q20,1,tf,是非題,20,2,2,X,那一隻看不見的手保證經濟繁榮成果會平均分配給社會的每一個成員。
q21,1,tf,是非題,21,2,2,X,在市場經濟中，每個人基本上都在關心自我利益，所以讓市場自由運作通常 都不會有好的結果。
q22,1,tf,是非題,22,2,2,O,當市場失靈或所得分配非常不平均的情況存在時，政府可以透過一些政策措 施來改善結果。
q23,1,tf,是非題,23,3,3,O,市場失靈指的是讓市場自由運作，並無法使社會資源的配置最有效率的情 況。
q24,1,tf,是非題,24,3,3,O,造成市場失靈的原因包括外部性與市場影響力。
q25,1,tf,是非題,25,3,3,O,我們用一個工人每小時所能生產的商品與服務的數量來衡量一國的生產力。
q26,1,tf,是非題,26,3,3,X,一國人民的生活水準主要決定於該國的物價膨脹率。
q27,1,tf,是非題,27,3,3,X,台灣在 1946 年 5 月至 1949 年 6 月期間物價大幅上漲是因為生產設施遭到大 規模破壞。
q28,1,tf,是非題,28,3,3,O,在短期，一個經濟體系通常不會出現物價膨脹與失業同時下降的結果。
q29,1,tf,是非題,29,3,3,O,如果一個經濟體系短期的目標是要穩定物價，則通常必須付出失業增加的代 價。
q30,1,tf,是非題,30,3,3,X,景氣循環是經濟活動不規則但可以預測的波動。
q31,1,tf,是非題,31,3,3,X,該不該用手機多打一通電話決定於手機通訊帳單中的固定費用。
q32,1,tf,是非題,32,3,3,O,你該不該用手機多打一通電話的決定會受到當時你的時間成本的高低的影 響。
q33,1,tf,是非題,33,3,3,O,我國「假農民」人數大增的現象可以用「人們的行為隨誘因起舞」這個原理 來解釋。
q34,1,mc,單選題,1,4,4,C,經濟一詞源自於希臘字 oikonomos，其意為
q35,1,mc,單選題,2,4,4,C,下列敘述何者正確？
q36,1,mc,單選題,3,4,4,A,經濟學主要環繞在下列何項概念？
q37,1,mc,單選題,4,4,4,A,家戶與整個社會之所以需要作很多決策，是因為
q38,1,mc,單選題,5,4,4,B,社會之所以會有稀少性現象是因為
q39,1,mc,單選題,6,5,5,D,全世界大約有多少比例的國家面臨稀少性問題？
q40,1,mc,單選題,7,5,5,B,經濟學是一門什麼樣的科學？
q41,1,mc,單選題,8,5,5,D,「人們面臨取捨」之原理適用於
q42,1,mc,單選題,9,5,5,C,如果我們追求更高所得水準，則通常必須以下列何者為代價？
q43,1,mc,單選題,10,5,5,D,效率指的是
q44,1,mc,單選題,11,5,6,A,均等指的是
q45,1,mc,單選題,12,6,6,A,下列敘述何者正確？
q46,1,mc,單選題,13,6,6,B,當政府提高高所得者所適用的稅率時，整個社會的
q47,1,mc,單選題,14,6,6,D,妳為獲取某物的機會成本是
q48,1,mc,單選題,15,6,6,D,就大多數學生而言，上大學的最大單項成本是
q49,1,mc,單選題,16,6,6,B,有些天才型的職業球星，高中畢業後即投入職業運動，這是因為
q50,1,mc,單選題,17,7,7,C,理性的人們之所以不再繼續進行某項活動，是因為
q51,1,mc,單選題,18,7,7,B,阿甘不會騎車，但他的朋友送他一輛機車。他想把車整理完後再把它賣掉， 他花了 2 萬元整理。當他要賣車時發現，他的車只能賣 1 萬 5 千元；不過， 他也發現，如果他再花 1 萬元改裝，他的車可以賣到 2 萬 7 千元。阿甘該如 何做？
q52,1,mc,單選題,19,7,7,A,有一個投資客用他僅有的 80 萬元積蓄，再加上跟銀行貸的 120 萬元，買了 一間 200 萬元的小套房。後來，由於金融風暴，他不但失業了，且小套房的 價格跌到只剩 120 萬元。他可以把小套房出租，但租金還不夠付銀行房貸利 息。他也可以再花 40 萬元裝潢，裝潢後的小套房可以賣到 150 萬元。他該 如何做？
q53,1,mc,單選題,20,7,7,D,國會通過強制繫汽車安全帶的法令。下列何者最有可能是最大受益者？
q54,1,mc,單選題,21,7,8,A,假設台北市單獨調高香菸的健康捐。結果，一些台北市的菸民到台北縣買 菸。此一行為最合乎下列哪一個經濟學原理？
q55,1,mc,單選題,22,8,8,D,根據美國的經驗，安全帶法律
q56,1,mc,單選題,23,8,8,C,下列何者可以提高人們搭乘捷運的意願？
q57,1,mc,單選題,24,8,8,D,下列何者會降低人們搭乘捷運的意願？
q58,1,mc,單選題,25,8,8,D,台灣跟下列哪些國家貿易可以受惠？
q59,1,mc,單選題,26,8,9,C,如果一個高工資國家跟一個低工資國家進行貿易，則
q60,1,mc,單選題,27,9,9,B,我們之所以會有現在的生活水準，一個重要原因是
q61,1,mc,單選題,28,9,9,A,國際貿易會
q62,1,mc,單選題,29,9,9,B,下列何者是亞當．斯密在其 1776 年的國富論一書中，所做的著名觀察？
q63,1,mc,單選題,30,9,9,C,今天的中國之所以能夠成為「世界工廠」，一個重要原因是
q64,1,mc,單選題,31,9,9,A,廠商與家戶在市場中互動，他們的決策受到下列何者的引導？
q65,1,mc,單選題,32,10,10,B,「那一隻看不見的手」透過下列何者來引導社會資源的配置？
q66,1,mc,單選題,33,10,10,D,下列敘述何者正確？
q67,1,mc,單選題,34,10,10,B,下列何者是市場失靈的成因？
q68,1,mc,單選題,35,10,10,B,市場失靈指的是
q69,1,mc,單選題,36,10,10,C,政府課徵所得稅的目標之一是
q70,1,mc,單選題,37,10,11,B,＜菸害防治法＞是為了
q71,1,mc,單選題,38,11,11,B,"在 2014 年，美國人的平均所得約 55,000 美元，台灣人的平均所得約"
q72,1,mc,單選題,39,11,11,A,什麼是各國生活水準差異最重要的決定因素？
q73,1,mc,單選題,40,11,11,C,我們以下列何者來衡量一國的生產力？
q74,1,mc,單選題,41,11,11,D,台灣的每人平均所得高於中國主要是因為
q75,1,mc,單選題,42,11,12,A,幾乎在所有巨幅且持續的物價膨脹的案例中，罪魁禍首都是
q76,1,mc,單選題,43,12,12,D,台灣在 1946 年 5 月至 1949 年 6 月的舊台幣期間，當時每年的物價漲幅都在
q77,1,mc,單選題,44,12,12,A,為什麼政府會在 1949 年 6 月 15 日實施以四萬圓舊台幣換一元新台幣的幣制 改革？
q78,1,mc,單選題,45,12,12,B,物價膨脹與下列何者存在短期的取捨關係？
q79,1,mc,單選題,46,12,12,D,一般而言，一個經濟體系的貨幣數量增加會
q80,1,mc,單選題,47,12,12,C,如果一個經濟體系短期的目標是要穩定物價，則必須
q81,1,mc,單選題,48,13,13,D,政策制定者可以透過下列何項政策工具，來影響經濟體系所面臨的物價膨脹 與失業的組合。
q82,1,mc,單選題,49,13,13,D,如果一個經濟體系短期的目標是要降低失業率，則必須
q83,1,mc,單選題,50,13,13,C,物價膨脹與失業的短期取捨關係意味著，在短期，
q84,1,mc,單選題,51,13,13,C,該不該用手機多打一通電話決定於
q85,1,mc,單選題,52,13,13,D,我國「假農民」人數大增的現象可以用下列哪個原理來解釋？
q86,1,mc,單選題,53,14,14,B,你多唱一小時 KTV 的機會成本為
q87,1,mc,單選題,54,14,14,C,"假設你今晚要在附近的飲料店打工 4 小時，時薪為 150 元；但若翹班，不但 領不到錢，還會被罰 1,000 元。對你而言，這 4 小時的痛苦 (如耗費體力與精 神) 為 100 元。突然間，你朋友說他有兩張免費的演唱會公關票，想請你一 起去聽，前後也剛好是你打工的那 4 小時，不過你得出來回的計程車費 400 元。後來你答應你朋友的邀約，這意味著對你而言，這場演唱會的總效益起 碼為"
q88,1,mc,單選題,55,14,14,D,人們會選擇某一機會，是因為
q89,1,mc,單選題,56,14,14,A,假設只有 X 與 Y 兩個機會。如果某甲不選擇 X，是因為
q90,1,mc,單選題,57,14,15,B,假設你有甲、乙與丙三種方案供你選擇，且其總效益分別為 800 元、 700 元與 600 元，同時，其外顯成本分別為 200 元、300 元與 100 元。 在此情況下，
q91,1,mc,單選題,58,15,15,C,下列敘述何者正確？
q92,1,mc,單選題,59,15,15,C,"假設今天是月底且你今晚要在附近的餐廳打工 4 小時，時薪為 200 元；但若 翹班，不但領不到工資，還領不到這個月的全勤獎金 1,000 元。對你而言， 這 4 小時的外顯成本為 500 元。突然間，你心儀的友人邀你今晚出遊，且你 慷慨地答應願意出出遊的所有費用 1,200 元。對你而言，今晚出遊的總效益 可能為"
q93,1,mc,單選題,60,15,15,D,"假設今天是月底且你今晚要在附近的餐廳打工 4 小時，時薪為 200 元；但若 翹班，不但領不到工資，還領不到這個月的全勤獎金 1,000 元。對你而言， 這 4 小時的外顯成本為 300 元。突然間，你心儀的友人邀你今晚出遊，且你 慷慨地答應願意出出遊的所有費用 1,000 元。對你而言，今晚出遊的總效益 可能為"
q94,1,mc,單選題,61,15,15,A,"假設今天是月底且你今晚要在附近的餐廳打工 4 小時，時薪為 200 元；但若 翹班，不但領不到工資，還領不到這個月的全勤獎金 1,000 元。對你而言， 這 4 小時的外顯成本為 600 元。突然間，你的友人邀你今晚去夜店，每人須 分攤的費用為 800 元。後來你拒絕你朋友的邀約，這意味著對你而言，去夜 店的總效益小於"
q95,1,instant,即席測驗,1,16,16,A,下列答案何者最為正確？經濟學是
q96,1,instant,即席測驗,2,16,16,C,你去看電影的機會成本為
q97,1,instant,即席測驗,3,16,16,B,邊際變動
q98,1,instant,即席測驗,4,16,16,D,因為人們會隨誘因起舞，
q99,1,instant,即席測驗,5,16,16,C,如果政府宣布從明天起禁止國際貿易，則國內
q100,1,instant,即席測驗,6,16,16,B,亞當．史密斯的「看不見的手」指的是
q101,1,instant,即席測驗,7,16,16,D,在市場經濟，政府可以
q102,1,instant,即席測驗,8,16,17,D,一些國家其人民的平均生活水準高於其他國家，主要是因為這些國家
q103,1,instant,即席測驗,9,17,17,A,如果一個國家出現巨幅且持續的物價膨脹現象，通常是因為
q104,1,instant,即席測驗,10,17,17,B,如果中央銀行利用貨幣政策工具降低商品與服務的需求，則短期的可能結果 為_____的物價膨脹與_____的失業。
q105,2,tf,是非題,1,18,18,X,由於經濟學家不在實驗室中進行實驗，所以經濟學不算是一門科學。
q106,2,tf,是非題,2,18,18,O,科學的本質在於科學方法：客觀地發展與檢測關於世界如何運作的理論。
q107,2,tf,是非題,3,18,18,X,經濟學家研究一國經濟表現所使用的方法，與其他科學家研究地心引力或物 種進化時所使用的方法並不相同。
q108,2,tf,是非題,4,18,18,O,經濟學家先觀察到某一經濟現象，然後試圖發展出理論來解釋，最後利用更 多的資料來檢測此一理論的解釋能力。
q109,2,tf,是非題,5,18,18,X,經濟學家會蒐集和分析很多不同國家的物價和貨幣數量的資料，來驗證當政 府減太多稅時，會引發高度物價膨脹的理論主張。
q110,2,tf,是非題,6,18,18,X,經濟學家可以藉由操縱一國的貨幣政策，以取得相關的資料，來分析貨幣成 長與物價膨脹是否具顯著正向關係。
q111,2,tf,是非題,7,18,18,O,經濟學家只能在歷史所提供的自然實驗中尋找有用的資料。
q112,2,tf,是非題,8,18,18,X,愈接近實際世界的經濟模型可以使我們更容易了解這個世界。
q113,2,tf,是非題,9,18,18,X,如果經濟學家假設全世界只有兩個國家且只有兩種商品，來研究國際貿易的 影響，則其研究結果是無用的。
q114,2,tf,是非題,10,19,19,X,在分析貨幣政策的長期效果時，經濟學家可能作出所有價格完全固定不變的 假設。
q115,2,tf,是非題,11,19,19,O,在分析貨幣政策的短期效果時，經濟學家可能假設物價不會有大幅度變 動，甚至作出所有價格完全固定不變的極端假設。
q116,2,tf,是非題,12,19,19,O,經濟學家也利用模型來認識世界；經濟模型是由圖形與方程式所建構而成 的。
q117,2,tf,是非題,13,19,19,X,經濟模型試圖包括經濟體系的每一個特徵。
q118,2,tf,是非題,14,19,19,O,所有的模型 (不管是物理學、生物學或經濟學的) 都簡化真實的情況以增進 我們對它們的了解。
q119,2,tf,是非題,15,19,19,X,簡單的循環流程圖只包括兩類決策者：廠商與政府。
q120,2,tf,是非題,16,19,19,X,廠商擁有生產要素並使用生產投入，如勞動、土地與資本 (建築物與機器) 來生產商品與服務。
q121,2,tf,是非題,17,19,19,O,在商品與服務市場 (markets for goods and services)，家戶是買者，而廠商是 賣者。
q122,2,tf,是非題,18,19,19,X,在生產要素市場 (markets for the factors of production)，家戶是買者，而廠商 是賣者。
q123,2,tf,是非題,19,19,19,O,生產要素由家戶流向廠商，而商品與服務則由廠商流向家戶。
q124,2,tf,是非題,20,20,20,X,循環流程圖是在當前可使用的生產要素數量與生產技術水準下，經濟體系所 可能生產的不同產出組合的圖形。
q125,2,tf,是非題,21,20,20,X,生產可能曲線其線上與線內所有的點都代表有效率的產出組合。
q126,2,tf,是非題,22,20,20,X,由於機會成本遞減，所以生產可能曲線具有向外凸出的形狀。
q127,2,tf,是非題,22,20,20,O,技術進步與生產要素數量增加 (如廠商進行投資使機器數量增加)都會使生 產可能曲線往外移，而這也顯示一國的經濟成長。
q128,2,tf,是非題,23,20,20,O,生產可能曲線簡化了複雜的經濟體系而凸顯出一些基本但有用的經濟概 念：稀少性、效率、取捨、機會成本與經濟成長。
q129,2,tf,是非題,24,20,20,X,總體經濟學研究家戶與廠商如何作決策以及它們如何在特定的市場中互動。
q130,2,tf,是非題,25,20,20,X,個體經濟學與總體經濟學是相互獨立的。
q131,2,tf,是非題,26,20,20,O,經濟學家可能有不同的價值觀，因而對政策應有的目標有不同的看法。
q132,2,tf,是非題,27,20,20,O,有時候經濟學家意見相左是因為他們對不同理論的有效性，有不同的直覺想 法。
q133,2,tf,是非題,28,20,20,X,有時候經濟學會對一些公共政策有標準答案。
q134,2,tf,是非題,29,20,20,X,政府調降遺產稅稅率可能可以使未來的貧富差距縮小。
q135,2,tf,是非題,30,21,21,O,理論上，政府調降遺產稅稅率可能可以使政府稅收增加。
q136,2,tf,是非題,31,21,21,X,小混混拿磚頭砸破麵包店的窗戶會使社會的總支出增加。
q137,2,mc,單選題,1,21,21,B,下列敘述何者正確？
q138,2,mc,單選題,2,21,21,A,科學的本質在於
q139,2,mc,單選題,3,21,21,A,科學方法
q140,2,mc,單選題,4,21,21,D,如果經濟學家要驗證「當政府印太多鈔票時，會引發高度的物價膨脹」的理 論主張時，經濟學家會蒐集和分析哪些資料？
q141,2,mc,單選題,5,22,22,A,經濟學家只能在下列哪一項所提供的自然實驗中尋找有用的資料。
q142,2,mc,單選題,6,22,22,A,為研究國際貿易的影響，經濟學家通常假設全世界
q143,2,mc,單選題,7,22,22,C,在分析貨幣政策效果時，經濟學家可能作何假設？
q144,2,mc,單選題,8,22,22,B,下列關於經濟模型的敘述何者正確？
q145,2,mc,單選題,9,22,22,A,經濟學家在建立模型時通常忽略
q146,2,mc,單選題,10,23,23,D,科學思考的藝術在於決定
q147,2,mc,單選題,11,23,23,B,簡單循環流程圖用來說明
q148,2,mc,單選題,12,23,23,C,簡單循環流程圖只包括下列哪兩類決策者？
q149,2,mc,單選題,13,23,23,B,簡單循環流程圖只包括下列哪兩類市場？
q150,2,mc,單選題,14,23,23,C,下列敘述何者正確？
q151,2,mc,單選題,15,24,24,D,循環流程圖顯示下列哪項的流向？
q152,2,mc,單選題,16,24,24,B,循環流程圖的內外圈顯示下列哪些流向？
q153,2,mc,單選題,17,24,24,C,下列何者是一個經濟體系的視覺模型？
q154,2,mc,單選題,18,24,24,D,家戶不銷售下列哪一項給廠商？
q155,2,mc,單選題,19,24,24,C,下列哪項由家戶流向廠商？
q156,2,mc,單選題,20,25,25,C,下列敘述何者正確？
q157,2,mc,單選題,21,25,25,A,下列哪一項不由廠商流向家戶？
q158,2,mc,單選題,22,25,25,B,下列哪項由廠商流向家戶？
q159,2,mc,單選題,23,25,25,D,簡單的循環流程圖排除了現實世界中的哪一個部門？
q160,2,mc,單選題,24,25,25,D,生產可能曲線的位置決定於下列哪一項？
q161,2,mc,單選題,25,26,26,C,下列敘述何者錯誤？
q162,2,mc,單選題,26,26,26,C,下圖中的哪一點代表經濟成長的概念？
q163,2,mc,單選題,27,26,27,D,下圖中的哪一點代表失業的概念？
q164,2,mc,單選題,28,27,27,B,下圖中的 A 點
q165,2,mc,單選題,29,27,27,B,某一經濟體系由下圖中的 A 點移向 B 點，代表下列哪一個概念？
q166,2,mc,單選題,30,28,28,D,某一經濟體系由下圖中的 A 點移向 B 點，表示
q167,2,mc,單選題,31,28,28,D,經濟體系由下圖中的 A 點移向 C 點，表示
q168,2,mc,單選題,32,28,29,C,經濟體系由下圖中的 A 點移向 D 點其可能的原因為
q169,2,mc,單選題,33,29,29,A,在下圖，生產可能曲線那樣的外移方式表示
q170,2,mc,單選題,34,29,30,D,假設某一經濟體系只生產 X 與 Y 兩種商品。下列何者代表效率概念？
q171,2,mc,單選題,35,30,30,C,假設某一經濟體系只生產 X 與 Y 兩種商品。當該經濟體系已經在生產可能 曲線上生產時，
q172,2,mc,單選題,36,30,30,D,假設某一經濟體系只生產 X 與 Y 兩種商品。在下列何種情況下， X 與 Y 的產 量可以同時增加？
q173,2,mc,單選題,37,30,30,D,"假設某一經濟體系只生產 X 與 Y 兩種商品。下表顯示 3 種 X 與 Y 的產量組合 X Y 4 300 6 ？ 8 100
 表中「？」的數字為下列何者時，表示其生產可能曲線的形狀呈現向外凸出"
q174,2,mc,單選題,38,30,31,B,假設某一經濟體系只生產 X 與 Y 兩種商品。下表顯示 5 種 X 與 Y 的產量組合 X Y 400 0 300 200 200 350 100 450 0 500 當該經濟體系的 X 產量由 200 增加為 300 時，其機會成本為
q175,2,mc,單選題,39,31,31,C,假設某一經濟體系只生產 X 與 Y 兩種商品。下表顯示 5 種 X 與 Y 的產量組合 X Y 400 0 300 200 200 350 100 450 0 500 根據上表下列敘述何者正確？
q176,2,mc,單選題,40,31,31,B,如果國人大量移民海外，則我國的生產可能曲線
q177,2,mc,單選題,41,31,31,A,生產可能曲線的形狀呈現向外凸出是因為
q178,2,mc,單選題,42,31,31,D,生產可能曲線的形狀呈現向外凸出是因為
q179,2,mc,單選題,43,32,32,C,經濟學分成哪兩個主要的次領域？
q180,2,mc,單選題,44,32,32,B,下列哪一項是個體經濟學的研究議題？
q181,2,mc,單選題,45,32,32,C,下列哪一項是總體經濟學的研究議題？
q182,2,mc,單選題,46,32,32,A,如果稅制從現在的所得稅制改成消費稅制，則下列敘述何者錯誤？
q183,2,mc,單選題,47,32,32,D,如果政府調降遺產稅稅率，則政府總稅收
q184,2,mc,單選題,48,32,33,A,經濟學家會因下列何者而有不同的意見。
q185,2,mc,單選題,49,33,33,B,環境經濟學家的工作之一是
q186,2,mc,單選題,50,33,33,B,台積電於 2021 年積極擴廠會造成台灣的
q187,2,instant,即席測驗,1,33,33,C,經濟模型
q188,2,instant,即席測驗,2,33,33,A,在循環流程圖中的生產要素市場，
q189,2,instant,即席測驗,3,33,33,B,生產可能曲線線內的點是
q190,2,instant,即席測驗,4,34,34,D,下列何者不屬於個體經濟學的研究範疇？
q191,2,instant,即席測驗,5,34,34,D,經濟學家有時候會有不同意見是因為他們
q192,2,instant,即席測驗,6,34,34,B,如果稅制從現在的所得稅制改成消費稅制，則下列敘述何者錯誤？
q193,2,draw_tf,繪圖是非題,1,34,34,X,假設某一經濟體系只生產 X 與 Y 兩種商品。其生產可能曲線的形狀呈現向外 凸出是因為機會成本遞減。
q194,2,draw_tf,繪圖是非題,2,35,35,X,假設某一經濟體系只生產 X 與 Y 兩種商品。只有在 X 產業與 Y 產業同時發生 技術進步時， X 與 Y 的產量才可能同時增加。
q195,2,draw_tf,繪圖是非題,3,35,36,O,假設某一經濟體系只生產 X 與 Y 兩種商品。當該經濟體系已經在生產可能曲 線上生產時，在其他條件不變下， X 與 Y 的產量無法同時增加。
q196,2,draw_tf,繪圖是非題,4,36,36,X,假設某一經濟體系只生產 X 與 Y 兩種商品。該經濟體系的 X 與 Y 的產量無法 同時增加。
q197,2,draw_tf,繪圖是非題,5,37,37,O,假設某一經濟體系只生產 X 與 Y 兩種商品。在其他條件不變下，如果該經濟 體系可以在不減少 Y 產量下增加 X 產量，則該經濟體系當前的生產點是無效 率的。
q198,2,draw_tf,繪圖是非題,6,37,37,X,雖然生產可能曲線是一個有用的模型，但它無法顯示經濟成長。
q199,2,draw_tf,繪圖是非題,7,38,38,O,在短期，社會面臨物價膨脹與失業的取捨。
q200,2,draw_tf,繪圖是非題,8,38,38,X,假設某一經濟體系只生產 X 與 Y 兩種商品。在其他條件不變下，如果該人們 對 X 與 Y 的偏好同時提升，則該經濟體系的 X 與 Y 的產量會同時增加。
q201,2,draw_tf,繪圖是非題,9,39,39,X,在其他條件不變下，當本國引進更多的外勞時，本國的生產可能曲線不會受 到影響。
q202,2,draw_tf,繪圖是非題,10,39,39,X,如果國人大量移民海外，則我國的生產可能曲線會往外移。
q203,3,tf,是非題,1,40,40,O,當機會成本固定時，生產可能曲線是一直線。
q204,3,tf,是非題,2,40,40,X,如果一個人選擇自給自足，則其可以消費的產品數量小於他所生產的。
q205,3,tf,是非題,3,40,40,O,如果一個人選擇自給自足，則其生產可能曲線也是其消費可能曲線。
q206,3,tf,是非題,4,40,40,X,假設只有甲與乙兩個人且只有 X 與 Y 兩種商品。如果這兩種商品甲的生產力 都高於乙，則甲不會跟乙進行交易。
q207,3,tf,是非題,5,40,40,O,若某一個生產者生產某產品所需的生產要素數量比較少，則我們稱該生產者 對生產該產品具有絕對利益。
q208,3,tf,是非題,6,40,40,X,若某一個生產者生產某產品所需的生產要素數量比較少，則我們稱該生產者 對生產該產品具有比較利益。
q209,3,tf,是非題,7,40,40,O,假設只有甲與乙兩個人且只有 X 與 Y 兩種商品。如果甲生產 X 的機會成本較 乙低時，則甲對生產 X 具有比較利益。
q210,3,tf,是非題,8,40,40,X,當某一生產者其生產 X 的機會成本較低時，則他對生產 X 具有絕對利益。
q211,3,tf,是非題,9,40,40,O,假設只有甲與乙兩個人且只有 X 與 Y 兩種商品。甲可能同時對生產 X 與 Y 具 有絕對利益。
q212,3,tf,是非題,10,41,41,X,假設只有甲與乙兩個人且只有 X 與 Y 兩種商品。甲可能同時對生產 X 與 Y 具 有比較利益。
q213,3,tf,是非題,11,41,41,X,假設只有甲與乙兩個人且只有 X 與 Y 兩種商品。當某一個人對某一項產品具 有絕對利益時，則另一個人對另一項產品一定具有絕對利益。
q214,3,tf,是非題,12,41,41,O,假設只有甲與乙兩個人且只有 X 與 Y 兩種商品。當某一個人對某一項產品具 有比較利益時，則另一個人對另一項產品一定具有比較利益。
q215,3,tf,是非題,13,41,41,X,假設只有甲與乙兩個人且只有 X 與 Y 兩種商品。當某一個人對某一項產品具 有比較利益時，則這個人對這項產品一定具有絕對利益。
q216,3,tf,是非題,14,41,41,X,假設只有甲與乙兩個人且只有 X 與 Y 兩種商品。當某一個人對某一項產品具 有絕對利益時，則這個人對這項產品一定具有比較利益。
q217,3,tf,是非題,15,41,41,O,專業化生產與交易所產生的利得並非立基於絕對利益而是立基於比較利益。
q218,3,tf,是非題,16,41,41,X,假設只有甲與乙兩個人，只有 X 與 Y 兩種商品且甲對 X 具有絕對利益。當兩 人進行交易時，甲一定會出售 X 。
q219,3,tf,是非題,17,41,41,O,當每個人都專業化生產其具比較利益的產品時，整個經濟的總產出會增加。
q220,3,tf,是非題,18,41,41,X,因為交易會讓人們專業化生產其具有絕對利益的產品，所以交易可以使得每 個人都獲利。
q221,3,tf,是非題,19,41,41,O,如果雙方要能同時獲利，則交易價格須介在雙方的機會成本之間。
q222,3,tf,是非題,20,42,42,X,如果交易價格不是位在雙方的機會成本之間，則雙方都不願意進行交易。
q223,3,tf,是非題,21,42,42,O,如果交易價格位在雙方的機會成本之間，則雙方所付出的代價均小於其機會 成本。
q224,3,tf,是非題,22,42,42,X,經濟學家主要基於絕對利益原則而反對限制貿易。
q225,3,tf,是非題,23,42,42,O,國外生產且在本國銷售的商品稱為進口，而本國生產且在國外銷售的商品稱 為出口。
q226,3,tf,是非題,24,42,42,X,假設只有美國與日本兩個國家，且只有食物與汽車兩種商品。再假設美國工 人與日本工人對生產汽車有相同的生產力，且美國工人生產食物的生產力要 高於日本。在此情況下，美國對生產食物同時具有絕對利益與比較利益。
q227,3,tf,是非題,25,42,42,X,假設只有美國與日本兩個國家，且只有食物與汽車兩種商品。再假設美國工 人與日本工人對生產汽車有相同的生產力，且美國工人生產食物的生產力要 高於日本。在此情況下，日本會進口食物，但不會出口汽車，因為日本工人 的汽車生產力沒有美國高。
q228,3,tf,是非題,26,42,42,O,假設只有美國與日本兩個國家，且只有食物與汽車兩種商品。再假設美國工 人與日本工人對生產汽車有相同的生產力，且美國工人生產食物的生產力要 高於日本。在此情況下，當兩國進行貿易時，美國汽車工人可能變得更差。
q229,3,tf,是非題,27,42,42,O,假設只有美國與日本兩個國家，且只有食物與汽車兩種商品。再假設美國工 人與日本工人對生產汽車有相同的生產力，且美國工人生產食物的生產力要 高於日本。在此情況下，當兩國進行貿易時，美國農民會變得更好。
q230,3,tf,是非題,28,42,42,O,國際貿易雖可能使整個國家變得更好，但有時會使某些人變得更差。
q231,3,tf,是非題,29,43,43,X,國際貿易就像球賽那樣，有贏家也有輸家，亦即當某個國家享有貿易利得 時，一定會有其他國家遭受貿易損失。
q232,3,tf,是非題,30,43,43,X,比爾．蓋茲很會修剪草坪，所以他常幫鄰居修剪草坪。
q233,3,tf,是非題,31,43,43,O,跟中國貿易可以提升大多數美國人的福祉，這主要是因為美國人可以買到中 國製造或組裝的比較便宜的商品。
q234,3,mc,單選題,1,43,43,C,由於人們彼此交易，所以形成了下列何者關係？
q235,3,mc,單選題,2,43,43,C,生產可能曲線是一直線表示
q236,3,mc,單選題,3,43,43,C,"假設某一經濟體系只生產 X 與 Y 兩種商品。下表顯示 3 種 X 與 Y 的產量組合 X Y 4 300 6 ？ 8 100
 表中「？」的數字為下列何者時，表示其生產可能曲線的形狀是一直線。"
q237,3,mc,單選題,4,44,44,B,當一經濟體系選擇自給自足時，
q238,3,mc,單選題,5,44,44,B,假設某一經濟體系只生產 X 與 Y 兩種商品，且 1 單位 X 的機會成本固定為 1 單位的 Y 。下列哪項商品數量組合可能位在其生產可能曲線上？
q239,3,mc,單選題,6,44,44,C,假設某一經濟體系只生產 X 與 Y 兩種商品，且 1 單位 X 的機會成本固定為 2 單位的 Y 。下列哪項商品數量組合可能位在其生產可能曲線上？
q240,3,mc,單選題,7,44,44,B,假設只有甲與乙兩個人且只有 X 與 Y 兩種商品。下列敘述何者正確？
q241,3,mc,單選題,8,44,44,C,假設只有甲與乙兩個人且只有 X 與 Y 兩種商品。下列敘述何者正確？
q242,3,mc,單選題,9,45,45,B,假設只有 X 與 Y 兩種商品。如果甲生產 1 單位 X 的機會成本固定為 2 單位的 Y ，則甲生產 1 單位 Y 的機會成本固定為多少單位的 X ？
q243,3,mc,單選題,10,45,45,A,假設只有 X 與 Y 兩種商品。如果甲生產 1 單位 X 的機會成本固定為 4 單位的 Y ，則甲生產 1 單位 Y 的機會成本固定為多少單位的 X ？
q244,3,mc,單選題,11,45,45,A,假設只有甲與乙兩個人且只有 X 與 Y 兩種商品。如果甲生產 X 的機會成本高 於乙，則
q245,3,mc,單選題,12,45,45,D,我們藉由下列何者判定絕對利益？
q246,3,mc,單選題,13,45,45,A,我們藉由下列何者判定比較利益？
q247,3,mc,單選題,14,45,45,D,假設只有甲與乙兩個人且只有 X 與 Y 兩種商品。下列敘述何者錯誤？
q248,3,mc,單選題,15,46,46,B,比較利益原則是哪位經濟學家發展出來的？
q249,3,mc,單選題,16,46,46,C,下列敘述何者正確？
q250,3,mc,單選題,17,46,46,B,"下表為 A 與 B 兩國每天生產商品 1 單位 X 與 1 單位 Y 所需的勞動投入量。 假設兩國都有 30 單位的勞動。在貿易前，下列哪一個每天的消費量組合是 可能達成的？
 X Y
 A 1 3 B 6 3"
q251,3,mc,單選題,18,46,47,B,"下表為 A 與 B 兩國每天生產商品 1 單位 X 與 1 單位 Y 所需的勞動投入量。 下列敘述何者正確？
 X Y
 A 1 3 B 6 3"
q252,3,mc,單選題,19,47,47,A,"下表為 A 與 B 兩國每天生產商品 1 單位 X 與 1 單位 Y 所需的勞動投入量。 根據比較利益原則，下列敘述何者正確？
 X Y
 A 1 3 B 6 3"
q253,3,mc,單選題,20,47,47,C,"下表為 A 與 B 兩國每天生產商品 1 單位 X 與 1 單位 Y 所需的勞動投入量。 下列敘述何者正確？
 X Y
 A 1 3 B 6 3"
q254,3,mc,單選題,21,47,48,D,"下表為 A 與 B 兩國每天生產商品 1 單位 X 與 1 單位 Y 所需的勞動投入量。 假設兩國都有 30 單位的勞動，且在貿易後完全專業化生產其具比較利益的 產品。在貿易後，下列敘述何者正確？
 X Y
 A 1 3 B 6 3"
q255,3,mc,單選題,22,48,48,D,"下表為 A 與 B 兩國每天生產商品 1 單位 X 與 1 單位 Y 所需的勞動投入量。 假設兩國都有 30 單位的勞動，且在貿易後完全專業化生產其具比較利益的 產品。在貿易後，下列哪一個兩國合起來的每天的消費量組合是可能達成 的？
 X Y
 A 1 3 B 6 3"
q256,3,mc,單選題,23,48,48,A,"下表為 A 與 B 兩國每天生產商品 1 單位 X 與 1 單位 Y 所需的勞動投入量。 若貿易後兩國均獲利，則 X 之於 Y 的國際相對價格可能為 X Y
 A 1 3 B 6 3"
q257,3,mc,單選題,24,49,49,B,"下表為 A 與 B 兩國每一單位勞動每天所能生產的商品 X 與 Y 的數量。假設 兩國都有 10 單位的勞動。在貿易前，下列哪一個每天消費量組合是可能達 成的？
 X Y
 A 1 2 B 3 4"
q258,3,mc,單選題,25,49,49,C,"下表為 A 與 B 兩國每一單位勞動每天所能生產的商品 X 與 Y 的數量。下列 敘述何者正確？
 X Y
 A 1 2 B 3 4"
q259,3,mc,單選題,26,49,50,B,"下表為 A 與 B 兩國每一單位勞動每天所能生產的商品 X 與 Y 的數量。根據 比較利益原則，下列敘述何者正確？
 X Y
 A 1 2 B 3 4"
q260,3,mc,單選題,27,50,50,D,"下表為 A 與 B 兩國每一單位勞動每天所能生產的商品 X 與 Y 的數量。下列 敘述何者正確？
 X Y
 A 1 2 B 3 4"
q261,3,mc,單選題,28,50,50,D,"下表為 A 與 B 兩國每一單位勞動每天所能生產的商品 X 與 Y 的數量。假設 兩國都有 10 單位的勞動，且在貿易後完全專業化生產其具比較利益的產 品。在貿易後，下列敘述何者正確？
 X Y
 A 1 2 B 3 4"
q262,3,mc,單選題,29,50,51,B,"下表為 A 與 B 兩國每一單位勞動每天所能生產的商品 X 與 Y 的數量。假設 兩國都有 10 單位的勞動，且在貿易後完全專業化生產其具比較利益的產 品。在貿易後，下列哪一個兩國合起來的每天消費量組合是可能達成的？
 X Y
 A 1 2 B 3 4"
q263,3,mc,單選題,30,51,51,B,"下表為 A 與 B 兩國每一單位勞動每天所能生產的商品 X 與 Y 的數量。若貿 易後兩國均獲利，則 X 之於 Y 的國際相對價格可能為
 X Y
 A 1 2 B 3 4"
q264,3,mc,單選題,31,51,52,D,"下表為 A 與 B 兩國每一單位勞動每天所能生產的商品 X 與 Y 的數量。假設 兩國都有 10 單位的勞動。在貿易前，下列哪一個每天消費量組合是可能達 成的？
 X Y
 A 1 4 B 2 4"
q265,3,mc,單選題,32,52,52,B,"下表為 A 與 B 兩國每一單位勞動每天所能生產的商品 X 與 Y 的數量。下列 敘述何者正確？
 X Y
 A 1 4 B 2 4"
q266,3,mc,單選題,33,52,52,B,"下表為 A 與 B 兩國每一單位勞動每天所能生產的商品 X 與 Y 的數量。根據 比較利益原則，下列敘述何者正確？
 X Y
 A 1 4 B 2 4"
q267,3,mc,單選題,34,52,53,C,"下表為 A 與 B 兩國每一單位勞動每天所能生產的商品 X 與 Y 的數量。下列 敘述何者正確？
 X Y
 A 1 4 B 2 4"
q268,3,mc,單選題,35,53,53,D,"下表為 A 與 B 兩國每一單位勞動每天所能生產的商品 X 與 Y 的數量。假設 兩國都有 10 單位的勞動，且在貿易後完全專業化生產其具比較利益的產 品。在貿易後，下列敘述何者正確？
 X Y
 A 1 4 B 2 4"
q269,3,mc,單選題,36,53,53,C,"下表為 A 與 B 兩國每一單位勞動每天所能生產的商品 X 與 Y 的數量。假設 兩國都有 10 單位的勞動，且在貿易後完全專業化生產其具比較利益的產 品。在貿易後，下列哪一個兩國合起來的每天消費量組合是可能達成的？
 X Y
 A 1 4 B 2 4"
q270,3,mc,單選題,37,54,54,C,"下表為 A 與 B 兩國每一單位勞動每天所能生產的商品 X 與 Y 的數量。若貿 易後兩國均獲利，則 X 之於 Y 的國際相對價格可能為
 X Y
 A 1 4 B 2 4"
q271,3,mc,單選題,38,54,54,C,"下表為 A 與 B 兩國每天生產商品 1 單位 X 與 1 單位 Y 所需的勞動投入量。 根據比較利益原則，下列敘述何者正確？
 X Y
 A 2 1 B 6 3"
q272,3,mc,單選題,39,54,55,A,"下表為 A 與 B 兩國每天生產商品 1 單位 X 與 1 單位 Y 所需的勞動投入量。 假設兩國都有 30 單位的勞動。在貿易前，下列哪一個每天的消費量組合是 可能達成的？
 X Y
 A 1 4 B 6 3"
q273,3,mc,單選題,40,55,55,D,"下表為 A 與 B 兩國每天生產商品 1 單位 X 與 1 單位 Y 所需的勞動投入量。 下列敘述何者正確？
 X Y
 A 1 4 B 6 3"
q274,3,mc,單選題,41,55,55,A,"下表為 A 與 B 兩國每天生產商品 1 單位 X 與 1 單位 Y 所需的勞動投入量。 根據比較利益原則，下列敘述何者正確？
 X Y
 A 1 4 B 6 3"
q275,3,mc,單選題,42,55,56,C,"下表為 A 與 B 兩國每天生產商品 1 單位 X 與 1 單位 Y 所需的勞動投入量。 下列敘述何者正確？
 X Y
 A 1 4 B 6 3"
q276,3,mc,單選題,43,56,56,C,"下表為 A 與 B 兩國每天生產商品 1 單位 X 與 1 單位 Y 所需的勞動投入量。 假設兩國都有 30 單位的勞動，且在貿易後完全專業化生產其具比較利益的 產品。在貿易後，下列敘述何者正確？
 X Y
 A 1 4 B 6 3"
q277,3,mc,單選題,44,56,57,B,"下表為 A 與 B 兩國每天生產商品 1 單位 X 與 1 單位 Y 所需的勞動投入量。 假設兩國都有 30 單位的勞動，且在貿易後完全專業化生產其具比較利益的 產品。在貿易後，下列哪一個兩國合起來的每天的消費量組合是可能達成 的？
 X Y
 A 1 4 B 6 3"
q278,3,mc,單選題,45,57,57,A,"下表為 A 與 B 兩國每天生產商品 1 單位 X 與 1 單位 Y 所需的勞動投入量。 若貿易後兩國均獲利，則 X 之於 Y 的國際相對價格可能為 X Y
 A 1 4 B 6 3"
q279,3,mc,單選題,46,57,57,C,比較利益原則無法回答下列何項問題？
q280,3,mc,單選題,47,57,57,B,大多數經濟學家
q281,3,mc,單選題,48,57,57,C,兩國之間的貿易
q282,3,mc,單選題,49,58,58,D,兩國進行貿易後，
q283,3,mc,單選題,50,58,58,C,假設只有 A 與 B 兩國且只有 X 與 Y 兩種商品。兩國進行貿易後，
q284,3,instant,即席測驗,1,58,58,B,在鹹蛋和阿信進行交易之前，
q285,3,instant,即席測驗,2,58,58,C,在鹹蛋和阿信進行交易之後，
q286,3,instant,即席測驗,3,58,58,D,在每一小時，春嬌可以洗兩輛車或除一片草；志明可以洗三輛車或除一片草。 在此情況下，
q287,3,instant,即席測驗,4,58,59,B,在每一小時，春嬌可以洗兩輛車或除一片草；志明可以洗三輛車或除一片 草。在此情況下，
q288,3,instant,即席測驗,5,59,59,A,當兩個人都有效率地生產，且根據比較利益進行雙方都能同時獲利的交易 時，
q289,3,instant,即席測驗,6,59,59,D,一國會進口哪些商品？
q290,3,instant,即席測驗,7,59,59,B,"在美國，造一架飛機需投入 10,000 小時的勞動，做一件襯衫需投入 2 小時的 勞動；在中國，造一架飛機需投入 40,000 小時的勞動，做一件襯衫需投入 4 小時的勞動。在此情況下，"
q291,3,instant,即席測驗,8,59,59,D,阿嬌可以在 30 分鐘內煮好晚餐，在 20 分鐘內洗好衣服。她的室友做這兩件 工作都只需花一半的時間。兩人應如何分配工作？
q292,3,draw_tf,繪圖是非題,1,60,60,X,假設只有 X 與 Y 兩種商品。當一經濟體系進行國際貿易時，其生產可能曲線 位於消費可能曲線之外。
q293,3,draw_tf,繪圖是非題,2,60,60,X,假設只有 X 與 Y 兩種商品。當一經濟體系選擇自給自足時，其消費可能曲線 位於生產可能曲線之外。
q294,3,draw_tf,繪圖是非題,3,61,61,O,"假設勞動為唯一的投入。下表為 A 與 B 兩國每天生產商品 1 單位 X 與 1 單位 Y 所需的勞動投入量。若貿易後兩國均獲利，則 X 之於 Y 的國際相對價格可 能為 1。 X Y
 A 1 3 B 6 3"
q295,3,draw_tf,繪圖是非題,4,61,62,X,"假設勞動為唯一的投入。下表為 A 與 B 兩國每天生產商品 1 單位 X 與 1 單位 Y 所需的勞動投入量。若 X 之於 Y 的國際相對價格為 3，則兩國都會進行貿 易。 X Y
 A 1 3 B 6 3"
q296,3,draw_tf,繪圖是非題,5,62,62,O,"假設勞動為唯一的投入。下表為 A 與 B 兩國每一單位勞動每天所能生產的 商品 X 與 Y 的數量。若貿易後兩國均獲利，則 X 之於 Y 的國際相對價格可 能為 3。
 X Y
 A 1 4 B 2 4"
q297,3,draw_tf,繪圖是非題,6,63,63,X,"假設勞動為唯一的投入。下表為 A 與 B 兩國每一單位勞動每天所能生產的 商品 X 與 Y 的數量。若 X 之於 Y 的國際相對價格為 1，則兩國都會進行貿易。
 X Y
 A 1 4 B 2 4"
q298,3,draw_tf,繪圖是非題,7,64,64,O,"假設勞動為唯一的投入。下表為 A 與 B 兩國每天生產商品 1 單位 X 與 1 單 位 Y 所需的勞動投入量。若貿易後兩國均獲利，則 X 之於 Y 的國際相對價格 可能為 2/3。 X Y
 A 1 2 B 3 4"
q299,3,draw_tf,繪圖是非題,8,65,65,X,"假設勞動為唯一的投入。下表為 A 與 B 兩國每一單位勞動每天所能生產的 商品 X 與 Y 的數量。若 X 之於 Y 的國際相對價格為 1，則兩國都會進行貿易。
 X Y
 A 1 2 B 3 4"
q300,3,draw_tf,繪圖是非題,9,66,66,X,"假設勞動為唯一的投入。下表為 A 與 B 兩國每天生產商品 1 單位 X 與 1 單 位 Y 所需的勞動投入量。若 X 之於 Y 的國際相對價格為 1，則兩國都會進行 貿易。 X Y
 A 1 2 B 2 4"
q301,3,draw_tf,繪圖是非題,10,67,67,X,"假設勞動為唯一的投入。下表為 A 與 B 兩國每一單位勞動每天所能生產的 商品 X 與 Y 的數量。若 X 之於 Y 的國際相對價格為 1，則兩國都會進行貿易。
 X Y
 A 3 1 B 6 2"
q302,4,tf,是非題,1,68,68,O,當中東爆發戰爭時，在其他條件不變下，耗油車的價格會下跌。
q303,4,tf,是非題,2,68,68,X,大部分的市場是有組織的。
q304,4,tf,是非題,3,68,68,X,一個完全競爭市場有兩個特徵：（1）銷售的產品是異質的，（2）買賣雙方人 數眾多以致於沒有任何一個買者或賣者足以影響市場價格。
q305,4,tf,是非題,4,68,68,O,完全競爭市場中的買者與賣者都是價格接受者。
q306,4,tf,是非題,5,68,68,O,在現實世界中，大部分的市場介於完全競爭與獨占這兩個極端之間。
q307,4,tf,是非題,6,68,68,O,任何商品的需求量是指買者願意且有能力購買的數量。
q308,4,tf,是非題,7,68,68,X,需求法則是在其他條件不變下，當一商品的價格上漲時，需求量增加，且 當價格下跌時，需求量減少。
q309,4,tf,是非題,8,68,68,O,需求表顯示在影響消費者購買數量的其他因素不變下，商品價格與需求量之 間的關係。
q310,4,tf,是非題,9,68,68,X,連結價格與需求量的正斜率的線稱為需求曲線。
q311,4,tf,是非題,10,68,68,X,市場需求曲線是由個別需求曲線垂直加總而來。
q312,4,tf,是非題,11,69,69,X,市場需求曲線顯示，在影響購買者購買數量的其他因素（如所得）不變下， 當商品價格改變時，個別需求量會如何變動。
q313,4,tf,是非題,12,69,69,O,需求增加會造成需求曲線往右移；需求減少會造成需求曲線往左移。
q314,4,tf,是非題,13,69,69,O,如果商品的需求隨所得減少而增加，此商品稱為劣等財。
q315,4,tf,是非題,14,69,69,X,當一商品的價格下跌，造成另一項商品的需求減少，這兩項商品稱為互補品。
q316,4,tf,是非題,15,69,69,O,當一項商品的價格上漲，造成另一項商品的需求減少，這兩項商品稱為 互補品。
q317,4,tf,是非題,16,69,69,X,當買者的人數增加時，市場需求會增加，從而市場需求曲線會往左移。
q318,4,tf,是非題,17,69,69,O,如果一項商品是正常財，則當人們的所得增加時，市場需求曲線會往右移。
q319,4,tf,是非題,18,69,69,X,商品自身價格變動會造成需求曲線整條線的移動。
q320,4,tf,是非題,19,69,69,O,如果香菸和大麻是替代品，則香菸價格因課稅而提高之後，大麻的需求會增 加。
q321,4,tf,是非題,20,69,69,X,任一商品或服務的供給量是指賣者願意賣出的數量。
q322,4,tf,是非題,21,69,69,O,供給法則是在其他條件不變下，當一商品的價格上漲時，供給量隨之增加； 且當價格下降時，供給量隨之減少。
q323,4,tf,是非題,22,70,70,X,商品的供給量與用於該產品生產之投入的價格呈正向關聯。
q324,4,tf,是非題,23,70,70,O,如果廠商預期其商品的價格明天會上漲，其今天的供給會減少。
q325,4,tf,是非題,24,70,70,O,生產技術進步造成整條供給曲線往右移。
q326,4,tf,是非題,25,70,70,X,如果市場價格高於均衡價格，則市場會有超額需求。
q327,4,tf,是非題,26,70,70,O,如果市場價格高於均衡價格，則市場會有超額供給。
q328,4,tf,是非題,27,70,70,X,供需法則：任一商品的數量會調整，而使該商品的供給量與需求量達成平衡。
q329,4,tf,是非題,28,70,70,O,需求增加且供給減少會造成均衡價格上升。
q330,4,tf,是非題,29,70,70,X,當需求增加且供給減少時，均衡數量確定會增加。
q331,4,tf,是非題,30,70,70,O,當需求減少且供給增加時，均衡價格確定會下降。
q332,4,tf,是非題,31,70,70,X,當需求減少且供給增加時，均衡數量確定會增加。
q333,4,tf,是非題,32,70,70,X,需求與供給同時增加會造成均衡價格上升。
q334,4,tf,是非題,33,70,70,O,當需求與供給同時增加時，均衡數量確定會增加。
q335,4,tf,是非題,34,70,70,X,需求與供給同時減少會造成均衡價格下降。
q336,4,tf,是非題,35,71,71,O,當需求與供給同時減少時，均衡數量確定會減少。
q337,4,mc,單選題,1,71,71,A,當中東爆發戰爭時，在其他條件不變下，
q338,4,mc,單選題,2,71,71,C,需求法則是在其他條件不變下，
q339,4,mc,單選題,3,71,71,A,下列敘述何者正確？
q340,4,mc,單選題,4,71,71,A,當電腦的生產技術進步時，在其他條件不變下，遊戲軟體的均衡價格會
q341,4,mc,單選題,5,71,72,B,在 2005 年夏天，豪雨淹沒南部蔥田，而導致宜蘭「三星蔥」與香菜的價格大 幅上漲。這表示
q342,4,mc,單選題,6,72,72,A,下列何者的變動代表沿著需求曲線的移動？
q343,4,mc,單選題,7,72,72,A,下列何者的變動不會造成需求的變動？
q344,4,mc,單選題,8,72,72,D,下列何者的變動會造成需求與供給同時發生變動？
q345,4,mc,單選題,9,72,72,B,當液晶螢幕價格上漲時，在其他條件不變下，電腦的均衡數量會
q346,4,mc,單選題,10,72,72,D,當人們預期某一檔股票其價格明天會上漲時，該檔股票今天會如何表現？
q347,4,mc,單選題,11,73,73,A,中秋節流行烤肉。在中秋節前夕，甜玉米的價格上漲；這是因為甜玉米的
q348,4,mc,單選題,12,73,73,B,在 2009 年，因全球金融海嘯肆虐，使液晶面板價格下跌；這是因為液晶 面板的
q349,4,mc,單選題,13,73,73,D,印度與中國是全世界最喜歡黃金的民族。當印度與中國的經濟表現好時，通 常可以看到黃金的世界價格上漲，這表示
q350,4,mc,單選題,14,73,73,C,"如果 ( P, Q) = (10,5) 這個價量組合位在某一條需求曲線上，則下列哪一個價 量組合可能位在同一條需求曲線上？"
q351,4,mc,單選題,15,73,73,B,"如果 ( P, Q) = (10,5) 這個價量組合位在某一條供給曲線上，則下列哪一個價 量組合可能位在同一條供給曲線上？"
q352,4,mc,單選題,16,74,74,D,當中東爆發戰爭時，石油的世界價格上漲；這是因為石油的
q353,4,mc,單選題,17,74,74,B,電腦價格呈現下降趨勢是因為
q354,4,mc,單選題,18,74,74,B,下列哪些事件確定會造成均衡價格上漲？
q355,4,mc,單選題,19,74,74,C,下列哪些事件確定會造成均衡價格下跌？
q356,4,mc,單選題,20,74,74,A,下列哪些事件確定會造成均衡數量增加？
q357,4,mc,單選題,21,74,75,D,下列哪些事件確定會造成均衡數量減少？
q358,4,mc,單選題,22,75,75,B,當鋼鐵價格上漲時，在其他條件不變下，汽車市場會有何反應 ？
q359,4,mc,單選題,23,75,75,C,當人們變得喜歡喝咖啡且咖啡豆價格因咖啡豆欠收而上漲時，咖啡的
q360,4,mc,單選題,24,75,75,C,當人們變得喜歡喝咖啡且咖啡豆價格因咖啡豆豐收而下跌時，咖啡的
q361,4,mc,單選題,25,75,75,C,. 當人們變得喜歡喝茶且咖啡豆價格因咖啡豆豐收而下跌時，咖啡的
q362,4,mc,單選題,26,75,75,C,當人們變得喜歡喝茶且咖啡豆價格因咖啡豆欠收而上漲時，咖啡的
q363,4,mc,單選題,27,76,76,D,茶和咖啡替代品。當咖啡豆豐收時，在其他條件不變下，茶的
q364,4,mc,單選題,28,76,76,A,當 CD player 的生產技術進步時，在其他條件不變下，CD 的
q365,4,mc,單選題,29,76,76,B,當市場價格高於均衡價格時，
q366,4,mc,單選題,30,76,76,A,當市場價格低於均衡價格時，
q367,4,mc,單選題,31,76,76,A,當市場供給不變時，市場需求增加會造成
q368,4,mc,單選題,32,76,77,D,當市場供給不變時，市場需求減少會造成
q369,4,mc,單選題,33,77,77,C,當市場需求不變時，市場供給增加會造成
q370,4,mc,單選題,34,77,77,B,當市場需求不變時，市場供給減少會造成
q371,4,mc,單選題,35,77,77,A,假設商品 X 是正常財。當人們的所得增加時，在其他條件不變下， X 的均衡 數量會
q372,4,mc,單選題,36,77,77,A,假設商品 X 是劣等財。當人們的所得減少時，在其他條件不變下， X 的均衡 價格會
q373,4,mc,單選題,37,77,78,B,假設商品 X 與 Y 是替代品。當 Y 的生產技術進步時， X 的均衡價格會
q374,4,mc,單選題,38,78,78,A,假設商品 X 與 Y 是互補品。當 Y 的生產技術進步時， X 的均衡價格會
q375,4,mc,單選題,39,78,78,B,假設商品 X 與 Y 是替代品。當 Y 的賣者人數增加時， X 的均衡價格會
q376,4,mc,單選題,40,78,78,B,假設商品 X 與 Y 是互補品。當 Y 的賣者人數減少時， X 的均衡價格會
q377,4,mc,單選題,41,78,78,A,假設商品 X 與 Y 是替代品。當 Y 的生產成本上升時， X 的均衡價格會
q378,4,mc,單選題,42,78,78,B,假設商品 X 與 Y 是互補品。當 Y 的生產成本上升時， X 的均衡價格會
q379,4,mc,單選題,43,79,79,C,當人們預期 X 商品其未來的價格會上升時，在其他條件不變下，現在的 X 市 場會有何反應 ？
q380,4,mc,單選題,44,79,79,C,當商品 X 的買者人數增加且生產技術進步時，在其他條件不變下， X 市場 會有何反應？
q381,4,mc,單選題,45,79,79,C,當商品 X 的買者人數與賣者人數都增加時，在其他條件不變下， X 市場會 有何反應？
q382,4,mc,單選題,46,79,79,C,假設商品 X 是正常財。當人們的所得減少且 X 的生產成本上升時，在其他條 件不變下， X 市場會有何反應？
q383,4,mc,單選題,47,79,80,D,當商品 X 的買者人數增加且生產成本上升時，在其他條件不變下， X 市場 會有何反應？
q384,4,mc,單選題,48,80,80,C,假設商品 X 是劣等財。當人們的所得增加且 X 的生產成本上升時，在其他條 件不變下， X 市場會有何反應？
q385,4,mc,單選題,49,80,80,C,假設商品 X 是劣等財。當人們的所得增加且 X 的生產技術進步時，在其他條 件不變下， X 市場會有何反應？
q386,4,mc,單選題,50,80,80,D,當人們的所得增加時，在其他條件不變下，市場會有何反應？
q387,4,mc,單選題,51,80,80,A,嚴重疫情會使下列何者的需求增加？
q388,4,mc,單選題,52,80,80,D,嚴重疫情會使下列何者的需求增加？
q389,4,mc,單選題,53,81,81,B,嚴重疫情會使下列何者的需求減少？
q390,4,mc,單選題,54,81,81,C,嚴重疫情會使下列何者的需求減少？
q391,4,mc,單選題,55,81,81,B,嚴重疫情會使下列何者的供給減少？
q392,4,mc,單選題,56,81,81,D,嚴重疫情會使下列何者的供給減少？
q393,4,mc,單選題,57,81,81,D,在 2020 年下半年，貨櫃運價上漲主要是因為
q394,4,mc,單選題,58,82,82,B,下列何者的市場價格會因疫情爆發而下跌？
q395,4,mc,單選題,59,82,82,D,下列何者的市場價格會因疫情爆發而上漲？
q396,4,instant,即席測驗,1,82,82,C,市場的定義為
q397,4,instant,即席測驗,2,82,82,B,在完全競爭市場，
q398,4,instant,即席測驗,3,82,82,A,下列哪一個市場最接近完全競爭市場？
q399,4,instant,即席測驗,4,82,83,B,下列何者的變動不會造成漢堡需求曲線的移動？
q400,4,instant,即席測驗,5,83,83,A,假設漢堡是披薩的替代品，且沙士是披薩的互補品。下列何者會造成披薩的 需求曲線往右移？
q401,4,instant,即席測驗,6,83,83,D,如果泡麵是劣等財，則當______提高時，泡麵的需求曲線往______移。
q402,4,instant,即席測驗,7,83,83,A,給定披薩市場的某一供給曲線。下列何者會造成沿著該曲線的往上移動？
q403,4,instant,即席測驗,8,83,83,C,下列何者會造成披薩的供給曲線往右移？
q404,4,instant,即席測驗,9,83,83,D,電影票與影片串流服務是替代品。如果影片串流服務的價格上漲，則電影票 市場的
q405,4,instant,即席測驗,10,83,84,B,蘊藏量豐富的新油田的技術會造成汽油的 _____曲線移動，而使其均衡 價格
q406,4,instant,即席測驗,11,84,84,A,如果人們的所得因經濟發生衰退而減少，則劣等財的
q407,4,instant,即席測驗,12,84,84,C,下列何者會造成咖啡的均衡價格上升且均衡數量減少？
q408,4,instant,即席測驗,13,84,84,D,給定某一供給曲線。 _____的增加會造成沿著該曲線的移動，此一移動稱 為 _____的變動
q409,4,draw_tf,繪圖是非題,1,84,84,O,需求增加且供給減少會造成均衡價格上升。
q410,4,draw_tf,繪圖是非題,2,85,85,X,當需求增加且供給減少時，均衡數量確定會增加。
q411,4,draw_tf,繪圖是非題,3,85,85,O,當需求減少且供給增加時，均衡價格確定會下降。
q412,4,draw_tf,繪圖是非題,4,86,86,X,當需求減少且供給增加時，均衡數量確定會增加。
q413,4,draw_tf,繪圖是非題,5,86,87,X,需求與供給同時增加會造成均衡價格上升。
q414,4,draw_tf,繪圖是非題,6,87,87,O,當需求與供給同時增加時，均衡數量確定會增加。
q415,4,draw_tf,繪圖是非題,7,87,88,X,需求與供給同時減少會造成均衡價格下降。
q416,4,draw_tf,繪圖是非題,8,88,88,O,當需求與供給同時減少時，均衡數量確定會減少。
q417,4,draw_tf,繪圖是非題,9,88,89,X,當鋼鐵價格上漲時，在其他條件不變下，汽車市場的均衡價格會上升且均衡 數量會增加。
q418,4,draw_tf,繪圖是非題,10,89,89,O,茶和咖啡替代品。當咖啡豆豐收時，在其他條件不變下，茶的均衡價格下跌 且均衡數量減少。
q419,4,draw_tf,繪圖是非題,11,89,89,O,假設商品 X 與 Y 是互補品。當 Y 的生產技術進步時， X 的均衡價格會上升。
q420,4,draw_tf,繪圖是非題,12,90,90,X,當人們預期 X 商品其未來的價格會上升時，在其他條件不變下，現在的 X 市 場的均衡價格會上升且均衡數量會增加。
q421,4,draw_tf,繪圖是非題,13,90,91,X,當人們預期 X 商品其未來的價格會下降時，在其他條件不變下，現在的 X 市 場的均衡價格會下降且均衡數量會減少。
q422,4,draw_tf,繪圖是非題,14,91,91,X,在其他條件不變下，任一商品市場的總收益隨所得的增加而增加。
q423,4,draw_tf,繪圖是非題,15,91,91,X,在其他條件不變下，商品 X 的市場供給增加會造成其均衡價格下降，進而造 成其需求增加。
q424,4,draw_tf,繪圖是非題,16,92,92,X,在其他條件不變下，商品 X 的市場需求增加會造成其均衡價格上升，進而造 成其供給增加。
q425,4,draw_tf,繪圖是非題,17,92,93,X,商品 X 的均衡價格上升意味著其均衡數量增加。
q426,4,draw_tf,繪圖是非題,18,93,93,X,商品 X 的均衡價格下降意味著其均衡數量減少。
q427,5,tf,是非題,1,94,94,O,彈性為衡量買者與賣者面對市場情況的變動，其反應的幅度。
q428,5,tf,是非題,2,94,94,X,在分析某個事件或政策如何影響市場時，彈性這個分析概念可以幫助我們探 討影響方向。
q429,5,tf,是非題,3,94,94,O,當某商品價格下跌、其替代品價格上漲或互補品價格下跌時，消費者會購買 更多的數量。
q430,5,tf,是非題,4,94,94,X,若價格改變使需求量大幅變動，我們稱商品的需求無彈性。
q431,5,tf,是非題,5,94,94,O,有比較多近似替代品的商品，其需求彈性較大。
q432,5,tf,是非題,6,94,94,X,蛋沒有近似互補品，所以蛋的需求要比奶油來得無彈性。
q433,5,tf,是非題,7,94,94,O,必需品的需求通常是無彈性的，而奢侈品的需求通常是有彈性的。
q434,5,tf,是非題,8,94,94,X,市場範圍小的商品其需求彈性要比範圍大的市場來得小。
q435,5,tf,是非題,9,94,94,O,隨著時間長度的增加，商品的需求會愈來愈有彈性。
q436,5,tf,是非題,10,94,94,X,需求的價格彈性其定義為，價格變動百分比除以需求量變動百分比。
q437,5,tf,是非題,11,94,94,X,利用中點法（midpoint method）計算彈性，結果會因起始點不同而有所不同。
q438,5,tf,是非題,12,95,95,X,當彈性大於 0 時，需求有彈性。
q439,5,tf,是非題,13,95,95,O,如果有兩條需求曲線通過同一點，則需求曲線較平坦的那一條，其彈性較大。
q440,5,tf,是非題,14,95,95,O,若需求曲線是一條垂直線，則需求為完全無彈性。
q441,5,tf,是非題,15,95,95,X,如果需求有彈性，那麼價格上漲會導致總收益增加。
q442,5,tf,是非題,16,95,95,O,當需求無彈性時，價格與總收益呈同方向變動。
q443,5,tf,是非題,17,95,95,X,直線型需求曲線線上每一點的彈性都一樣。
q444,5,tf,是非題,18,95,95,X,替代品的交叉彈性為負值。
q445,5,tf,是非題,19,95,95,O,供給的價格彈性其計算公式為，供給量變動百分比除以價格變動百分比。
q446,5,tf,是非題,20,95,95,X,在大多數的市場，供給價格彈性的主要決定因素是市場規模大小。
q447,5,tf,是非題,21,95,95,O,供給的價格彈性不為負值。
q448,5,tf,是非題,22,95,95,O,像書本、汽車與電視機等製造業產品，由於廠商容易變動其產量，所以它們 的供給有彈性。
q449,5,tf,是非題,23,95,95,O,當價格彈性愈大時，供給曲線愈平坦。
q450,5,tf,是非題,24,96,96,O,就一般廠商而言，供給量愈大，其供給彈性愈小，
q451,5,tf,是非題,25,96,96,X,若供給曲線是一條水平線，則價格彈性為零。
q452,5,tf,是非題,26,96,96,O,稻米新品種的出現可能使稻農的總收益減少。
q453,5,tf,是非題,27,96,96,X,一個增加農產品供給的政策可以提高農民的收入，但這是以消費者利益減少 為代價。
q454,5,tf,是非題,28,96,96,X,OPEC 之所以無法維持高油價，是因為短期的價格彈性高於長期的。
q455,5,tf,是非題,29,96,96,X,因為毒品的價格彈性大，所以加強毒品查緝在短期可能會造成與毒品有關的 犯罪增加。
q456,5,tf,是非題,30,96,96,O,加強毒品查緝雖然在短期可能會造成與毒品有關的犯罪增加，但這類的事件 在長期會減少。
q457,5,mc,單選題,1,96,96,A,"如果 ( P1 , Q1 ) = (5,10) 與 ( P2 , Q2 ) = (5,15) 這兩點位在同一條需求曲線上，則這段 需求是"
q458,5,mc,單選題,2,97,97,D,"如果 ( P1 , Q1 ) = (5,10) 與 ( P2 , Q2 ) = (10,10) 這兩點位在同一條需求曲線上，則這段 需求是"
q459,5,mc,單選題,3,97,97,A,"如果 ( P1 , Q1 ) = (5,10) 與 ( P2 , Q2 ) = (5,15) 這兩點位在同一條供給曲線上，則這段 供給是"
q460,5,mc,單選題,4,97,97,D,"如果 ( P1 , Q1 ) = (5,10) 與 ( P2 , Q2 ) = (10,10) 這兩點位在同一條供給曲線上，則這段 供給是"
q461,5,mc,單選題,5,97,97,B,"如果 ( P1 , Q1 ) = (5,20) 與 ( P2 , Q2 ) = (15,10) 這兩點位在同一條需求曲線上，則利 用中點法（midpoint method）所計算的需求價格彈性之值為"
q462,5,mc,單選題,6,97,97,C,"如果 ( P1 , Q1 ) = (5,20) 與 ( P2 , Q2 ) = (15,10) 這兩點位在同一條需求曲線上，則利 用中點法（midpoint method）計算，這段需求是"
q463,5,mc,單選題,7,98,98,B,如果不管某商品的價格如何變動，你的支出金額都一樣，則你對該商品的 需求是
q464,5,mc,單選題,8,98,98,B,如果不管汽油的價格如何變動，你每次加油的金額都一樣，則你對汽油的 需求是
q465,5,mc,單選題,9,98,98,D,如果不管某商品的價格如何變動，你的需求量都一樣，則你對該商品的 需求是
q466,5,mc,單選題,10,98,98,D,如果不管汽油的價格如何變動，你每次加油的公升數都一樣，則你對汽油的 需求是
q467,5,mc,單選題,11,99,99,A,如果某商品的價格只要些微上漲，你的需求量就降為 0，則你對該商品的 需求是
q468,5,mc,單選題,12,99,99,A,如果可口可樂的價格只要些微上漲，你就不買，則你對可口可樂的需求是
q469,5,mc,單選題,13,99,99,B,如果你對某商品的需求價格彈性是單位彈性，則你的需求量變動百分比
q470,5,mc,單選題,14,99,99,A,如果你對某商品的需求是有彈性的，則你的需求量變動百分比
q471,5,mc,單選題,15,99,99,C,如果你對某商品的需求是無彈性的，則你的需求量變動百分比
q472,5,mc,單選題,16,100,100,D,如果不管某商品的價格如何變動，某廠商的供給量都一樣，則該廠商對該商 品的供給是
q473,5,mc,單選題,17,100,100,A,如果某商品的價格只要些微下跌，某廠商的供給量就降為 0，則該廠商對該 商品的供給是
q474,5,mc,單選題,18,100,100,D,"如果 ( P1 , Q1 ) = (5,20) 與 ( P2 , Q2 ) = (15,80) 這兩點位在同一條供給曲線上，則利 用中點法（midpoint method）所計算的需求價格彈性之值為"
q475,5,mc,單選題,19,100,100,B,"如果 ( P1 , Q1 ) = (5,20) 與 ( P2 , Q2 ) = (15,80) 這兩點位在同一條供給曲線上，則利 用中點法（midpoint method）計算，這段供給是"
q476,5,mc,單選題,20,100,100,B,如果供給曲線是通過原點的直線，則線上每一點的價格彈性
q477,5,mc,單選題,21,101,101,A,如果需求曲線是一條負斜率的直線，則價格愈高時，其價格彈性
q478,5,mc,單選題,22,101,101,D,如果需求曲線是一條負斜率的直線，則此一需求曲線為
q479,5,mc,單選題,23,101,101,D,如果某商品對你而言是正常財，則在其他條件不變下，你對該商品的支出金 額占你的所得的比例，會隨你的所得增加而
q480,5,mc,單選題,24,101,101,A,如果某商品對你而言是劣等財，則在其他條件不變下，你對該商品的支出金 額占你的所得的比例，會隨你的所得減少而
q481,5,mc,單選題,25,101,101,C,對一般人而言，低價泡麵的所得彈性值
q482,5,mc,單選題,26,102,102,A,假設某商品的價格上漲 10%後，其需求量減少 3%。下列何項敘述可能適用 該商品？
q483,5,mc,單選題,27,102,102,D,假設某商品的價格上漲 3%後，其需求量減少 10%。下列何項敘述可能適用 該商品？
q484,5,mc,單選題,28,102,102,C,如果某商品的需求價格彈性值為 2，則該商品的價格上漲 10%會使其需求量
q485,5,mc,單選題,29,102,102,C,如果某商品的供給價格彈性值為 2，則該商品的價格上漲 10%會使其供給量
q486,5,mc,單選題,30,102,102,A,ε XY 是商品 X 與 Y 的交叉彈性值。如果ε XY 愈大，則代表 X 與 Y 的
q487,5,mc,單選題,31,103,103,C,ε XY 是商品 X 與 Y 的交叉彈性值，其值為負。如果ε XY 的絕對值愈大，則代 表 X 與Y 的
q488,5,mc,單選題,32,103,103,A,假設一開始某商品的市場供給曲線與長短期的市場需求曲線通過同一點。當 市場供給減少時，在其他條件不變下，該商品的
q489,5,mc,單選題,33,103,103,C,假設一開始某商品的市場需求曲線與長短期的市場供給曲線通過同一點。當 市場需求減少時，在其他條件不變下，該商品的
q490,5,mc,單選題,34,103,103,D,榖賤傷農是因為穀物的需求是
q491,5,mc,單選題,35,103,103,C,就一般廠商而言，供給量愈大，其供給彈性
q492,5,mc,單選題,36,104,104,D,下列敘述何者正確？
q493,5,mc,單選題,37,104,104,B,如果你對某商品的需求是有彈性的，則該商品的價格上漲時，你對該商品的 支出金額會
q494,5,mc,單選題,38,104,104,B,如果你對某商品的需求是無彈性的，則該商品的價格下跌時，你對該商品的 支出金額會
q495,5,mc,單選題,39,104,104,A,假設你對某商品的需求是完全無彈性的。如果該商品的價格上漲 10%，則在 其他條件不變下，你對該商品的支出金額會
q496,5,mc,單選題,40,104,105,C,"假設你對商品 1 與商品 2 原先需求的價量組合分別為 ( P1 , Q1 ) = (5,10) 與 ( P2 , Q2 ) = (5,15) ；後來變成 ( P1 , Q1 ) = (5,40) 與 ( P2 , Q2 ) = (15,5) 。你對商品 1 與商品 2 的交叉彈性值為"
q497,5,mc,單選題,41,105,105,C,上圖中的哪一條線代表有很多近似替代品的奢侈品其需求曲線？
q498,5,mc,單選題,42,105,105,A,上圖中的哪一條線代表，不管豆漿的價格為何，你每天早上都要喝一杯豆 漿？
q499,5,mc,單選題,43,105,105,B,上圖中的哪一條線代表蛋的需求曲線？
q500,5,mc,單選題,44,105,105,D,根據上表，當價格由 $10 上漲為 $12 時，利用中點法（midpoint method） 所計算的需求價格彈性之值約為
q501,5,mc,單選題,45,106,106,C,根據上表，當價格由多少變到多少時，需求的價格彈性是單位彈性？
q502,5,mc,單選題,46,106,106,C,根據上表，當價格介於 $10 與 $14 之間時，需求是
q503,5,mc,單選題,47,106,106,A,根據上圖，當價格為 P1 時，總收益為
q504,5,mc,單選題,48,106,107,A,根據上圖，如果 D 大於 A，則表示當價格介於 P1 與 P2 之間時，需求是
q505,5,mc,單選題,49,107,107,C,下列敘述何者正確？
q506,5,mc,單選題,50,107,107,B,假設豬肉對某甲而言是必需品。在其他條件不變下，某甲對豬肉的支出金額 占其所得的比例，會隨其所得增加而
q507,5,instant,即席測驗,1,107,107,A,下列何者其需求的價格彈性低？
q508,5,instant,即席測驗,2,107,107,D,如果某物的需求_____彈性_____1，則當其價格上漲時，消費者對其總支出 會減少。
q509,5,instant,即席測驗,3,107,107,D,負斜率的直線型需求曲線
q510,5,instant,即席測驗,4,108,108,C,甲城市的居民其食物支出的所得占比高於乙城市的。其可能原因為
q511,5,instant,即席測驗,5,108,108,B,某一商品的價格由 16 美元上漲為 24 美元，其供給量由 90 單位增加為 110 單位。用中點法計算，其彈性為
q512,5,instant,即席測驗,6,108,108,C,如果供給的價格彈性為零，則供給曲線
q513,5,instant,即席測驗,7,108,108,C,廠商可自由進出市場，意味著在長期
q514,5,instant,即席測驗,8,108,108,C,某一穀物的供給增加會使農民的總收益減少如果
q515,5,instant,即席測驗,9,108,108,A,在競爭市場，農民之所以會採用讓他們的收益終究會減少的新技術是因為
q516,5,instant,即席測驗,10,109,109,C,因為原油的長期需求曲線_____彈性，所以 OPEC 減少原油供給對原油價格 的長期影響_____短期影響。
q517,5,instant,即席測驗,11,109,109,B,隨著時間經過，技術進步一方面使消費者的所得增加，一方面也使智慧型 手機的價格下跌。前者在需求的所得彈性大於＿＿，且後者在需求的價格彈 性大於＿＿時，都會使消費者其智慧型手機的支出增加。
q518,5,draw_tf,繪圖是非題,1,109,109,X,在其他條件不變下，任一商品市場的總收益隨供給的增加而增加。
q519,5,draw_tf,繪圖是非題,2,110,110,O,有很多近似替代品的奢侈品，其市場的總收益隨供給增加而增加。
q520,5,draw_tf,繪圖是非題,3,110,110,X,必需品的市場總收益隨供給增加而增加。
q521,5,draw_tf,繪圖是非題,4,111,111,O,ε XY 是商品 X 與 Y 的交叉彈性值，其值為負。在其他條件不變下，當商品 Y 的 供給增加時，商品 X 的均衡價格會上升。
q522,5,draw_tf,繪圖是非題,5,111,111,X,ε XY 是商品 X 與 Y 的交叉彈性值，其值為正。在其他條件不變下，當商品 Y 的 供給增加時，商品 X 的均衡價格會上升。
q523,5,draw_tf,繪圖是非題,6,112,112,O,政府加強毒品查緝在短期可能會造成與毒品有關的犯罪增加。
q524,5,draw_tf,繪圖是非題,7,112,112,O,加強毒品查緝雖然在短期可能會造成與毒品有關的犯罪增加，但這類的事件 在長期會減少。
q525,5,draw_tf,繪圖是非題,8,113,113,O,如果商品 X 的市場需求是完全有彈性的，則總收益隨供給增加而增加。
q526,5,draw_tf,繪圖是非題,9,113,113,X,如果商品 X 的市場需求是完全無彈性的，則總收益隨供給增加而增加。
q527,5,draw_tf,繪圖是非題,10,114,114,O,如果商品 X 的市場供給是完全有彈性的，則總收益隨需求增加而增加。
q528,5,draw_tf,繪圖是非題,11,114,114,O,如果商品 X 的市場供給是完全無彈性的，則總收益隨需求增加而增加。
q529,5,draw_tf,繪圖是非題,12,115,115,X,不論是短期還是長期，OPEC 皆可藉由減少供給將油價維持在高檔。
q530,6,tf,是非題,1,116,116,O,從價格的角度來看，買者與賣者的利益是相衝突的。
q531,6,tf,是非題,2,116,116,O,法定最高售價稱為價格上限，法定最低售價稱為價格下限。
q532,6,tf,是非題,3,116,116,X,具約束力的價格上限高於均衡價格，且市場價格等於價格上限。
q533,6,tf,是非題,4,116,116,X,具約束力的價格下限低於均衡價格，且市場價格等於價格下限。
q534,6,tf,是非題,5,116,116,X,當政府在競爭市場設下具約束力的價格下限時，該市場會出現短缺現象，從 而賣者可以在眾多可能的買者中分配該商品。
q535,6,tf,是非題,6,116,116,O,雖然價格上限是為了要讓消費者買到便宜的商品，但並不是所有的消費者都 受惠於這項政策。
q536,6,tf,是非題,7,116,116,X,如果 OPEC 聯合減產而造成原油價格大漲，則會出現汽車在加油站前大排長 龍的現象。
q537,6,tf,是非題,8,116,116,X,政府對房租設上限可以提升窮人的生活水準。
q538,6,tf,是非題,9,116,116,O,房租管制所造成的短缺現象，長期比短期嚴重。
q539,6,tf,是非題,10,116,116,O,具約束力的價格下限會造成剩餘。
q540,6,tf,是非題,11,117,117,X,如果最低工資低於均衡工資水準，則勞動供給量會超過勞動需求量，從而會 有失業。
q541,6,tf,是非題,12,117,117,O,最低工資通常高於青少年勞動市場的均衡工資。
q542,6,tf,是非題,13,117,117,O,當政策制定者透過法令訂下價格時，價格便喪失了協調經濟活動的功能。
q543,6,tf,是非題,14,117,117,O,價格管制通常會傷害它們想要幫助的人。
q544,6,tf,是非題,15,117,117,O,對買者課稅與對賣者課稅所造成的影響完全一樣。
q545,6,tf,是非題,16,117,117,X,政府對買者課稅不會影響賣者的供給量。
q546,6,tf,是非題,17,117,117,X,如果政府對買者課徵每單位 T 的稅，則需求曲線會往上移 T 這麼大的幅度。
q547,6,tf,是非題,18,117,117,O,不管政府是對買者課稅還是對賣者課稅，都會使交易量減少。
q548,6,tf,是非題,19,117,117,X,如果政府對買者課稅，則買者的稅的負擔大於賣者。
q549,6,tf,是非題,20,117,117,O,課稅會造成買者支付的價格與賣者收到的價格有所差距，且這差距等於稅 額。
q550,6,tf,是非題,21,117,117,X,政府可以透過立法影響稅負歸屬。
q551,6,tf,是非題,22,117,117,O,市場供需哪一方比較無彈性，那一方的稅的負擔就比較重。
q552,6,tf,是非題,23,118,118,X,如果需求是完全有彈性的，而供給不是，則稅是由買者全部負擔。
q553,6,tf,是非題,24,118,118,O,如果勞動供給遠較勞動需求來得無彈性，則薪資稅主要是由勞工而非由廠商 負擔。
q554,6,tf,是非題,25,118,118,X,若政府對奢侈品課稅，則稅主要是由有錢人負擔。
q555,6,tf,是非題,26,118,118,O,當需求有彈性而供給無彈性時，稅主要是由賣者負擔。
q556,6,tf,是非題,27,118,118,X,當供給有彈性而需求無彈性時，稅主要是由賣者負擔。
q557,6,tf,是非題,28,118,118,O,如果供給是完全有彈性的，而需求不是，則稅是由買者全部負擔。
q558,6,tf,是非題,29,118,118,X,一個經濟體系的表現，一方面決定於需求法則，另一方面則受到政府所制定 的法律的影響。
q559,6,tf,是非題,30,118,118,O,在分析政府政策時，供給與需求是最優先且最有用的分析工具。
q560,6,tf,是非題,31,118,118,X,「一例一休」新制會使勞工的加班費收入增加。
q561,6,tf,是非題,32,118,118,X,「一例一休」新制會使勞工的加班費收入減少。
q562,6,tf,是非題,33,118,118,O,在短期，「一例一休」新制對勞工加班費收入的影響決定於勞動市場的需求 彈性。
q563,6,tf,是非題,34,119,119,X,在短期，「一例一休」新制對勞工加班費收入的影響決定於勞動市場的供給 彈性。
q564,6,mc,單選題,1,119,119,B,在政府沒有管制的競爭市場裡，
q565,6,mc,單選題,2,119,119,A,法定最高售價稱為
q566,6,mc,單選題,3,119,119,B,法定最低售價稱為
q567,6,mc,單選題,4,119,119,B,如果價格上限不具約束力，則
q568,6,mc,單選題,5,119,120,A,如果價格下限不具約束力，則
q569,6,mc,單選題,6,120,120,C,如果價格上限要具約束力，則
q570,6,mc,單選題,7,120,120,A,如果價格下限要具約束力，則
q571,6,mc,單選題,8,120,120,A,如果價格上限具約束力，則
q572,6,mc,單選題,9,120,120,B,如果價格下限具約束力，則
q573,6,mc,單選題,10,120,120,B,如果價格上限具約束力，則
q574,6,mc,單選題,11,121,121,A,如果價格下限具約束力，則
q575,6,mc,單選題,12,121,121,A,如果政府解除具約束力的價格上限，則
q576,6,mc,單選題,13,121,121,D,如果政府解除價格上限，則
q577,6,mc,單選題,14,121,121,B,如果政府解除具約束力的價格下限，則
q578,6,mc,單選題,15,121,121,D,如果政府解除價格下限，則
q579,6,mc,單選題,16,121,122,A,下列何者屬價格上限？
q580,6,mc,單選題,17,122,122,D,如果價格上限具約束力，則其實施對
q581,6,mc,單選題,18,122,122,B,如果價格下限具約束力，則其實施對
q582,6,mc,單選題,19,122,122,D,當政府在競爭市場設下具約束力的價格上限時，
q583,6,mc,單選題,20,122,122,D,當 OPEC 聯合減產時，在其他條件不變下，
q584,6,mc,單選題,21,122,122,B,當政府對汽油設下具約束力的價格上限時，在其他條件不變下，
q585,6,mc,單選題,22,123,123,C,當政府對汽油設下具約束力的價格上限時，在其他條件不變下，
q586,6,mc,單選題,23,123,123,D,當政府實施具約束力的房租管制時，在其他條件不變下，
q587,6,mc,單選題,24,123,123,C,當政府實施具約束力的房租管制時，
q588,6,mc,單選題,25,123,123,B,當政府實施具約束力的最低工資時，在其他條件不變下，
q589,6,mc,單選題,25,123,123,C,當政府實施具約束力的最低工資時，在其他條件不變下，
q590,6,mc,單選題,26,124,124,C,當政府實施具約束力的最低工資時，
q591,6,mc,單選題,27,124,124,A,根據上表，下列何者會是具約束力的價格上限？
q592,6,mc,單選題,28,124,124,D,根據上表，下列何者會是具約束力的價格下限？
q593,6,mc,單選題,29,124,124,C,根據上表，下列敘述何者正確？
q594,6,mc,單選題,30,124,124,C,根據上表，當政府設下$2 的價格上限時，市場會有
q595,6,mc,單選題,31,125,125,A,根據上表，當政府設下$2 的價格下限時，市場會有多少單位的剩餘？
q596,6,mc,單選題,32,125,125,B,下列敘述何者正確？
q597,6,mc,單選題,33,125,125,D,如果國會通過的法案規定，薪資稅由廠商與勞工各負擔一半，則實際的薪資 稅
q598,6,mc,單選題,34,125,125,D,根據上圖，在政府課稅後，買者支付的價格為
q599,6,mc,單選題,35,126,126,A,根據上圖，在政府課稅後，賣者收到的價格為
q600,6,mc,單選題,36,126,126,D,根據上圖，每單位的稅額為
q601,6,mc,單選題,37,126,126,B,根據上圖，就每單位的稅的負擔而言，下列敘述何者正確？
q602,6,mc,單選題,38,126,126,B,根據上圖，政府的稅收金額為
q603,6,mc,單選題,39,126,126,D,根據上圖，在政府課稅後，買者支付的價格為
q604,6,mc,單選題,40,126,126,C,根據上圖，在政府課稅後，賣者收到的價格為
q605,6,mc,單選題,41,127,127,B,根據上圖，每單位的稅額為
q606,6,mc,單選題,42,127,127,C,根據上圖，就每單位的稅的負擔而言，下列敘述何者正確？
q607,6,mc,單選題,43,127,127,B,根據上圖，政府的稅收金額為
q608,6,mc,單選題,44,127,127,D,上圖中 A 點與 B 點的距離為每單位的稅額。根據上圖，在政府課稅後，買 者支付的價格為
q609,6,mc,單選題,45,127,127,B,上圖中 A 點與 B 點的距離為每單位的稅額。根據上圖，在政府課稅後，賣 者收到的價格為
q610,6,mc,單選題,46,128,128,C,根據上圖，就每單位的稅的負擔而言，下列敘述何者正確？
q611,6,mc,單選題,47,128,128,C,根據上圖，如果政府課徵每單位 $2 的稅，則新的均衡數量
q612,6,mc,單選題,48,128,128,B,根據上圖，在政府課徵每單位 $2 的稅之後，賣者收到的價格為
q613,6,mc,單選題,49,128,128,C,根據上圖，在政府課徵每單位 $2 的稅之後，買者支付的價格為
q614,6,mc,單選題,50,129,129,B,根據上圖，在政府課徵每單位 $2 的稅之後，就每單位的稅的負擔而言，下 列敘述何者正確？
q615,6,mc,單選題,51,129,129,B,在下列何種情況下，「一例一休」新制會使勞工的加班費收入增加？
q616,6,mc,單選題,52,129,129,A,在下列何種情況下，「一例一休」新制會使勞工的加班費收入減少？
q617,6,mc,單選題,53,129,129,C,「一例一休」新制會使勞工的
q618,6,instant,即席測驗,1,129,129,D,當政府設下具約束力的價格下限時，它會造成
q619,6,instant,即席測驗,2,130,130,D,當政府提高具約束力的價格上限時，
q620,6,instant,即席測驗,3,130,130,A,房租管制會造成_____期有較大的剩餘幅度，因為隨著時間經過，供給與需 求都變得_____彈性。
q621,6,instant,即席測驗,4,130,130,C,如果_____的價格彈性_____於 1，則最低工資上調會讓受到影響的勞工們其 新資總額減少。
q622,6,instant,即席測驗,5,130,130,A,對某商品的買者課每單位 1 元的稅，等同於
q623,6,instant,即席測驗,6,130,130,D,當一商品被課稅時，稅主要是由買者負擔，如果
q624,6,instant,即席測驗,7,130,130,C,下列何者會使供給量增加，需求量減少，且買者付的價格上升？
q625,6,instant,即席測驗,8,131,131,B,下列何者會使供給量增加，需求量增加，且買者付的價格下跌？
q626,6,draw_tf,繪圖是非題,1,131,131,X,當政府在競爭市場設下具約束力的價格下限時，該市場會出現短缺現象。
q627,6,draw_tf,繪圖是非題,2,131,131,X,當政府在競爭市場設下具約束力的價格上限時，該市場會出現過剩現象。
q628,6,draw_tf,繪圖是非題,3,132,132,X,當政府在競爭市場設價格下限時，該市場會出現過剩現象。
q629,6,draw_tf,繪圖是非題,4,132,132,X,當政府在競爭市場設價格上限時，該市場會出現短缺現象。
q630,6,draw_tf,繪圖是非題,5,133,133,O,房租管制所造成的短缺現象，長期比短期嚴重。
q631,6,draw_tf,繪圖是非題,6,133,133,O,如果最低工資高於均衡工資水準，則會有失業。
q632,6,draw_tf,繪圖是非題,7,134,134,X,如果政府對買者課稅，則買者的稅的負擔大於賣者。
q633,6,draw_tf,繪圖是非題,8,135,135,X,如果需求是完全有彈性的，而供給不是，則稅是由買者全部負擔。
q634,6,draw_tf,繪圖是非題,9,135,135,O,如果勞動供給遠較勞動需求來得無彈性，則薪資稅主要是由勞工而非由廠商 負擔。
q635,6,draw_tf,繪圖是非題,10,136,136,X,若政府對奢侈品課稅，則稅主要是由有錢人負擔。
q636,6,draw_tf,繪圖是非題,11,136,136,X,當供給有彈性而需求無彈性時，稅主要是由賣者負擔。
q637,6,draw_tf,繪圖是非題,12,137,137,X,如果供給是完全無彈性的，而需求不是，則稅是由買者全部負擔。
q638,6,draw_tf,繪圖是非題,13,137,137,O,在一般情況下，課稅導致市場總收益減少。
q639,6,draw_tf,繪圖是非題,14,138,138,X,在一般情況下，課稅導致市場總支出減少。
q640,6,draw_tf,繪圖是非題,15,138,138,O,"政府在競爭市場不論設下具約束力的價格上限或下限，市場交易量均會小於 均衡數量。
."
q641,6,draw_tf,繪圖是非題,16,139,139,O,大多數經濟學家認為薪資稅主要是由勞工而非由廠商負擔。
q642,6,draw_tf,繪圖是非題,17,139,139,O,在其他條件不變下，當具約束力的最低工資上調時，失業會增加。
q643,6,draw_tf,繪圖是非題,18,140,140,X,稅負歸屬取決於被課稅的對象。
q644,6,draw_tf,繪圖是非題,19,141,141,X,「一例一休」新制會使勞工的加班費收入增加。
q645,7,tf,是非題,1,142,142,O,在一般情況下，讓市場自由運作，可使買賣雙方合起來的利益達到最大。
q646,7,tf,是非題,2,142,142,X,消費者與生產者都以社會福利達到最大為目標。
q647,7,tf,是非題,3,142,142,O,消費者剩餘等於買者對一商品所願意付的金額減去他實際支付的金額。
q648,7,tf,是非題,4,142,142,X,價格以下及需求曲線以上所圍成的面積衡量市場的消費者剩餘。
q649,7,tf,是非題,5,142,142,O,由於消費者剩餘等於買者購買商品所願支付的最高金額減去實際支付的金 額，因此，消費者剩餘是一個衡量消費者經濟福祉的良好指標。
q650,7,tf,是非題,6,142,142,X,在任何情況下，政策制定者都會關心消費者剩餘。
q651,7,tf,是非題,7,142,142,X,給定任一數量，該數量所對應的需求曲線的高度反映所有買者的平均支付意 願。
q652,7,tf,是非題,8,142,142,O,生產者剩餘等於賣者收到的金額減去其生產成本；生產者剩餘衡量生產者參 與市場的利益。
q653,7,tf,是非題,9,142,142,O,供給曲線的高度反映邊際賣者的成本。
q654,7,tf,是非題,10,142,142,X,邊際賣者是指如果價格微幅上升，會率先離開市場的賣者。
q655,7,tf,是非題,11,143,143,X,價格以上和供給曲線以下的面積衡量市場的生產者剩餘。
q656,7,tf,是非題,12,143,143,X,消費者剩餘與生產者剩餘是經濟學家用來探討買者與賣者之差異的兩個基 本工具。
q657,7,tf,是非題,13,143,143,O,總剩餘是衡量整個社會福利水準的一個指標。
q658,7,tf,是非題,14,143,143,O,市場的總剩餘等於買者支付意願的總和減去生產者的成本總和。
q659,7,tf,是非題,15,143,143,X,如果資源的配置結果使總剩餘達到最大，我們稱該配置是公平的。
q660,7,tf,是非題,16,143,143,X,如果一項商品並未由成本最低的賣者生產，則該配置是無效率的。同樣地， 如果一項商品並未由支付意願最低的買者消費，則該配置也是無效率的。
q661,7,tf,是非題,17,143,143,X,供給曲線與需求曲線在均衡點右邊所圍成的面積代表市場的總剩餘。
q662,7,tf,是非題,18,143,143,X,自由市場將商品的需求分配給支付意願最高的那些買者。
q663,7,tf,是非題,19,143,143,O,自由市場將商品的需求分配給生產成本最低的那些賣者。
q664,7,tf,是非題,20,143,143,O,如果市場均衡下的資源配置是有效率的，則仁慈的社會計畫者可以採取自由 放任的政策。
q665,7,tf,是非題,21,143,143,X,仁慈的社會計畫者可以不靠市場力量達成資源的效率配置。
q666,7,tf,是非題,22,143,143,X,讓市場自由運作，在大多數的情況下是公平的，但結果往往也是無效率的。
q667,7,tf,是非題,23,144,144,X,很多經濟學家相信，允許器官自由交易會造成社會福利的損失。
q668,7,tf,是非題,24,144,144,X,在市場經濟，人們用「腳」投票。
q669,7,tf,是非題,25,144,144,O,那隻看不見的手不一定能引導市場達到使買者與賣者合起來的總利益最大 的均衡狀態。
q670,7,tf,是非題,26,144,144,X,當單一的買者或賣者（或是一小群的買者或賣者）有能力控制市場價格時， 市場結果雖是不公平的，但卻是有效率的。
q671,7,tf,是非題,27,144,144,O,當外部性存在時，讓市場自由運作，並無法使社會總剩餘達到最大。
q672,7,tf,是非題,28,144,144,X,當政治失靈時，公共政策可能可以解決市場無效率的問題。
q673,7,tf,是非題,29,144,144,X,市場失靈是市場無法公平地分配資源的現象。
q674,7,tf,是非題,30,144,144,O,市場影響力與外部性都是市場失靈的例子。
q675,7,mc,單選題,1,144,144,C,福利經濟學研究
q676,7,mc,單選題,2,145,145,D,如果沒有市場失靈，則在均衡價格下
q677,7,mc,單選題,3,145,145,A,消費者剩餘等於
q678,7,mc,單選題,4,145,145,C,根據上表，如果價格為 $15，則誰願意購買該產品？
q679,7,mc,單選題,5,145,145,D,根據上表，如果價格為 $51，則誰願意購買該產品
q680,7,mc,單選題,6,145,145,C,根據上表，如果價格為 $18，則他們四個人合起來的消費者剩餘為
q681,7,mc,單選題,7,146,146,D,根據上表，如果價格由 $18 漲至 $20，則誰的消費者剩餘減少最多？
q682,7,mc,單選題,8,146,146,B,根據上表，如果只有 1 單位產品且歸於出價最高者，則此時他們四個人合起 來的消費者剩餘接近
q683,7,mc,單選題,9,146,146,C,根據上表，如果只有 2 單位產品且歸於出價最高者，則此時他們四個人合起 來的消費者剩餘接近
q684,7,mc,單選題,10,146,146,C,上表顯示阿珠、阿花與阿桃對橘子的支付意願。根據上表，如果每顆橘子價 格為 $1.20，則她們三個人合起來的需求量為
q685,7,mc,單選題,11,146,146,D,根據上表，如果她們三個人合起來的需求量為 5 顆，則每顆橘子價格 P 的範 圍為
q686,7,mc,單選題,12,146,147,C,根據上表，如果價格為每顆橘子 $1.20，則她們三個人合起來的消費者剩餘 為
q687,7,mc,單選題,13,147,147,B,根據上表，如果每顆橘子價格由 $0.70 漲至 $1.40，則她們三個人合起來的 消費者剩餘
q688,7,mc,單選題,14,147,147,D,根據上表，如果價格由 $1.05 跌至 $0.75，則誰的消費者剩餘增加最多？
q689,7,mc,單選題,15,147,147,D,如果颱風重創金門的高梁田，則在其他條件不變下，高梁市場的消費者剩餘
q690,7,mc,單選題,16,147,147,D,如果某商品的單價為 $15，且某消費者買了 1 單位後有 $5 的消費者剩餘， 則該消費者的支付意願為
q691,7,mc,單選題,17,147,147,B,如果某消費者對 1 單位某商品的支付意願等於該商品的價格，則就該單位而 言，該消費者的消費者剩餘為
q692,7,mc,單選題,18,148,148,A,下列何者會使某商品的消費者剩餘增加？
q693,7,mc,單選題,19,148,148,D,根據上圖，如果價格由 p1 跌至 p 2 ，則消費者剩餘增加
q694,7,mc,單選題,20,148,148,C,根據上圖，如果價格由 p 2 漲至 p1 ，則下列何者為離開市場之買者其消費者 剩餘減少的部分
q695,7,mc,單選題,21,148,148,C,消費者剩餘為
q696,7,mc,單選題,22,149,149,C,生產者剩餘為
q697,7,mc,單選題,23,149,149,B,生產者剩餘等於
q698,7,mc,單選題,24,149,149,B,根據上表，如果價格為 $125，則誰願意銷售該產品？
q699,7,mc,單選題,25,149,149,D,根據上表，如果價格為 $49，則誰願意銷售該產品
q700,7,mc,單選題,26,149,149,B,根據上表，如果價格為 $125，則此時他們四個人合起來的生產者剩餘為
q701,7,mc,單選題,27,150,150,C,根據上表，如果價格由 $125 漲至 $160，則誰的生產者剩餘增加最多？
q702,7,mc,單選題,28,150,150,D,如果他們四個人合起來的生產者剩餘為 $240，則此時的價格為
q703,7,mc,單選題,29,150,150,A,根據上表，如果只有 1 單位的銷售量且歸於出價最低者，則此時他們四個人 合起來的生產者剩餘接近
q704,7,mc,單選題,30,150,150,C,如果只有 2 單位的銷售量且歸於出價最低者，則此時他們四個人合起來的生 產者剩餘接近
q705,7,mc,單選題,31,150,150,B,根據上圖，如果價格由 p1 漲至 p 2 ，則生產者剩餘增加
q706,7,mc,單選題,32,151,151,A,根據上圖，如果價格由 p 2 跌至 p1 ，則下列何者為留在市場之賣者其生產者 剩餘減少的部分？
q707,7,mc,單選題,33,151,151,D,下列敘述何者正確？
q708,7,mc,單選題,34,151,151,A,下列何者會使某商品的生產者剩餘增加？
q709,7,mc,單選題,35,151,151,C,下列敘述何者正確？
q710,7,mc,單選題,36,151,151,B,如果沒有市場失靈，則總剩餘為
q711,7,mc,單選題,37,152,152,B,下列敘述何者正確？
q712,7,mc,單選題,38,152,152,A,下列何者正確？
q713,7,mc,單選題,39,152,152,B,下列敘述何者正確？
q714,7,mc,單選題,40,152,153,D,下列何者是市場失靈的成因？
q715,7,mc,單選題,41,153,153,D,根據上圖，在均衡時，消費者剩餘為
q716,7,mc,單選題,42,153,153,B,根據上圖，在均衡時，生產者剩餘為
q717,7,mc,單選題,43,153,153,C,根據上圖，在均衡時，總剩餘為
q718,7,mc,單選題,44,153,153,D,當政府設下 $120 的價格下限時，總剩餘為
q719,7,mc,單選題,45,153,153,B,當政府設下 $120 的價格下限時，生產者剩餘比均衡時
q720,7,mc,單選題,46,154,154,B,當政府設下 $70 的價格上限時，總剩餘會比均衡時減少
q721,7,mc,單選題,47,154,154,A,當政府設下 $70 的價格上限時，消費者剩餘比均衡時
q722,7,mc,單選題,48,154,154,C,根據上圖，在均衡時，消費者剩餘與生產者剩餘分別為
q723,7,mc,單選題,49,154,154,C,根據上圖，在均衡時，總剩餘為
q724,7,mc,單選題,50,154,154,B,根據上圖，如果產量為 10 單位，則總剩餘為
q725,7,instant,即席測驗,1,155,155,B,阿妹、阿珠與阿花每個都想買一筒冰淇淋。阿妹願意付美元 12 美元、阿珠 願意付 8 美元，阿花願意付 4 美元。市場價格為 6 美元。三人合起來的消費 者剩餘為
q726,7,instant,即席測驗,2,155,155,B,如果市場價格降為 3 美元，則三人合起來的消費者剩餘增加
q727,7,instant,即席測驗,3,155,155,D,餅乾的需求曲線是負斜率的。當餅乾的價格為 3 美元時，需求量為 100。當 餅乾的價格降為 2 美元時，消費者剩餘如何變動？
q728,7,instant,即席測驗,4,155,155,C,阿妹、阿珠與阿花每個都想當家教。阿妹當家教的每個月的機會成本為 100 美元、阿珠$200 美元，阿花為 400 美元。市場行情為 300 美元。三人合 起來的生產者剩餘為
q729,7,instant,即席測驗,5,155,155,B,阿寬當花匠，每禮拜賺 300 美元。當花匠的酬勞上升為每禮拜 400 美元時， 文青也開始當起花匠。在此情況下，生產者剩餘的增加金額
q730,7,instant,即席測驗,6,155,156,C,假設某商品的供給曲線為 Q S = 2 P 。當市場價格為 10 美元時，生產者剩餘為
q731,7,instant,即席測驗,7,156,156,A,又青自己認定的時間價值為每小時 60 美元，她跟大仁談妥以 2 小時 200 美 元的價格幫他按摩；大仁對此按摩的支付意願為 300 美元。就此交易而言，
q732,7,instant,即席測驗,8,156,156,C,有效率的資源配置極大化下列何者？
q733,7,instant,即席測驗,9,156,156,B,當市場達成均衡時，買者為支付意願 _____ 的那一群，而賣者為成本_____ 的那一群。
q734,7,instant,即席測驗,10,156,156,C,產量大於均衡數量是無效率的，因為此時邊際買者的支付意願為
q735,7,draw_tf,繪圖是非題,1,157,157,O,消費者剩餘等於買者對一商品所願意付的金額減去他實際支付的金額。
q736,7,draw_tf,繪圖是非題,2,157,157,O,生產者剩餘等於賣者收到的金額減去其生產成本；生產者剩餘衡量生產者參 與市場的利益。
q737,7,draw_tf,繪圖是非題,3,157,157,O,當價格下降時，消費者剩餘增加。
q738,7,draw_tf,繪圖是非題,4,158,158,O,當價格上升時，生產者剩餘增加。
q739,7,draw_tf,繪圖是非題,5,158,158,X,當某商品發生技術進步時，均衡價格會下降，從而生產者剩餘與總剩餘會減 少。
q740,7,draw_tf,繪圖是非題,6,159,159,X,當某商品的生產成本上升時，均衡價格也會上升，從而生產者剩餘與總剩餘 會增加。
q741,7,draw_tf,繪圖是非題,7,159,159,O,當政府在競爭市場設下具約束力的價格上限時，總剩餘會減少。
q742,7,draw_tf,繪圖是非題,8,160,160,O,當政府在競爭市場設下具約束力的價格下限時，總剩餘會減少。
q743,7,draw_tf,繪圖是非題,9,160,161,X,當政府在競爭市場設下具約束力的價格上限時，消費者剩餘、生產者剩餘與 總剩餘都會減少。
q744,7,draw_tf,繪圖是非題,10,161,162,X,當政府在競爭市場設下具約束力的價格下限時，消費者剩餘、生產者剩餘與 總剩餘都會減少。
q745,8,tf,是非題,1,163,163,O,課稅會使買者所支付的價格上升，且賣者所收到的價格下降，因此對買賣雙 方都不利，此為課稅的成本。
q746,8,tf,是非題,2,163,163,O,如果我們以 T 代表單位稅額， Q 代表銷售量，那麼政府的稅收金額就等於 T ×Q 。
q747,8,tf,是非題,3,163,163,X,在政府課稅的情況下，總剩餘等於消費者剩餘加生產者剩餘，減去稅收金額。
q748,8,tf,是非題,4,163,163,O,政府課稅使買者與賣者都變差，政府收入則增加。
q749,8,tf,是非題,5,163,163,O,因政府課稅扭曲市場結果所造成的總剩餘減少稱為課稅所造成的無謂損失。
q750,8,tf,是非題,6,163,163,O,一般而言，政府課稅會造成市場的成交量小於均衡下的水準。
q751,8,tf,是非題,7,163,163,O,由於課稅扭曲誘因，所以使市場無法有效率地分配資源。
q752,8,tf,是非題,8,163,163,X,無謂損失就是買賣雙方的損失無法由政府稅收減少所抵銷的部分。
q753,8,tf,是非題,9,163,163,X,課稅之所以會造成無謂損失是因為課稅造成交易量減少，而使政府稅收減少。
q754,8,tf,是非題,10,163,163,X,就課稅所造成的成交量減少部分，賣者的成本都高於買者的支付意願。
q755,8,tf,是非題,11,164,164,O,課稅所造成的無謂損失為，課稅所造成的成交量減少部分所對應之供需曲線 所圍成的面積。
q756,8,tf,是非題,12,164,164,X,課稅所造成的無謂損失的大小主要決定於供給的價格彈性。
q757,8,tf,是非題,13,164,164,X,如果課稅會造成很大的無謂損失，那麼政府的規模就應該比較大，以解決無 謂損失問題。
q758,8,tf,是非題,14,164,164,X,供給與需求的彈性愈小，課稅所造成的無謂損失就愈大。
q759,8,tf,是非題,15,164,164,X,當供給的彈性愈大且需求的彈性愈小時，課稅所造成的無謂損失就愈大。
q760,8,tf,是非題,16,164,164,X,當勞動供給曲線幾乎是垂直的，薪資稅所造成的無謂損失很大。
q761,8,tf,是非題,17,164,164,O,如果勞動供給的價格彈性很大，則薪資稅是具高度扭曲作用的稅。
q762,8,tf,是非題,18,164,164,X,主張調高薪資稅的經濟學家認為，勞動供給的價格彈性很大。
q763,8,tf,是非題,19,164,164,X,當單位稅額不斷提高時，無謂損失也跟著不斷擴大，但其增加的速度要比稅 額提高的速度來得慢。
q764,8,tf,是非題,20,164,164,X,當單位稅額倍增時，無謂損失也會倍增。
q765,8,tf,是非題,21,164,164,X,當單位稅額不斷提高時，稅收金額也會不斷擴大。
q766,8,tf,是非題,22,164,164,O,當單位稅額非常高時，稅收金額會很小。
q767,8,tf,是非題,23,165,165,X,當稅額不斷提高時，稅收金額呈現先減後增的結果。
q768,8,tf,是非題,24,165,165,X,當稅額不斷提高時，稅收金額與無謂損失呈同向變動。
q769,8,tf,是非題,25,165,165,X,拉弗曲線為正斜率的曲線。
q770,8,tf,是非題,26,165,165,O,美國雷根總統主張，稅率降低不單可以提升人們的工作意願，且有可能使政 府稅收增加。
q771,8,tf,是非題,27,165,165,X,由於減稅的目的是要鼓勵人們多工作，因此，拉弗和雷根的觀點被稱為就業 面經濟學。
q772,8,tf,是非題,28,165,165,X,單看稅率的變動，就可以計算出政府的稅收會增加還是減少。
q773,8,tf,是非題,29,165,165,O,在任何市場，供需愈有彈性，則課稅所造成的扭曲程度愈大，從而政府減稅 就愈有可能降低扭曲程度，進而可能使政府稅收增加。
q774,8,tf,是非題,30,165,165,X,拉弗主張，美國在 1974 年處在拉弗曲線的正斜率部分，因此降低稅率不但 不會使稅收減少，反而有可能使稅收增加。
q775,8,mc,單選題,1,165,165,B,當政府課稅時，一般而言，
q776,8,mc,單選題,2,166,166,D,當政府課稅時，一般而言，
q777,8,mc,單選題,3,166,166,C,當政府課稅時，一般而言，
q778,8,mc,單選題,4,166,166,D,當政府課稅時，一般而言，
q779,8,mc,單選題,5,166,166,D,當政府課稅時，一般而言，
q780,8,mc,單選題,6,166,166,B,如果政府課稅造成供給曲線往上移，則該稅是
q781,8,mc,單選題,7,167,167,A,當政府課稅時，總剩餘等於
q782,8,mc,單選題,8,167,167,D,因政府課稅扭曲市場結果所造成的總剩餘減少稱為課稅所造成的
q783,8,mc,單選題,9,167,167,A,就課稅所造成的成交量減少部分，
q784,8,mc,單選題,10,167,167,D,當政府課稅時，一般而言，
q785,8,mc,單選題,11,167,167,D,課稅所造成的無謂損失的大小決定於
q786,8,mc,單選題,12,168,168,C,如果以 T 代表單位稅額， Q 代表銷售量，則政府的稅收金額等於
q787,8,mc,單選題,13,168,168,C,當政府對汽油課稅時，
q788,8,mc,單選題,14,168,168,A,下列何者會使課稅所造成的無謂損失愈大？
q789,8,mc,單選題,15,168,168,D,當供給完全無彈性時，
q790,8,mc,單選題,16,168,168,B,當需求完全有彈性時，
q791,8,mc,單選題,17,169,169,A,當需求完全無彈性時，
q792,8,mc,單選題,18,169,169,A,當供給完全有彈性時，
q793,8,mc,單選題,19,169,169,D,當勞動供給曲線幾乎是垂直的，薪資稅
q794,8,mc,單選題,20,169,169,A,當勞動供給曲線幾乎是水平的，薪資稅
q795,8,mc,單選題,21,169,169,D,當勞動需求曲線幾乎是垂直的，薪資稅
q796,8,mc,單選題,22,170,170,B,當勞動需求曲線幾乎是水平的，薪資稅
q797,8,mc,單選題,23,170,170,A,政府課稅之所以會造成無謂損失是因為課稅造成
q798,8,mc,單選題,24,170,170,D,當單位稅額倍增時，一般而言，
q799,8,mc,單選題,25,170,170,A,假設供給完全無彈性。當單位稅額倍增時，
q800,8,mc,單選題,26,170,170,C,下列敘述何者正確？
q801,8,mc,單選題,27,171,171,A,下列敘述何者正確？
q802,8,mc,單選題,28,171,171,C,下列何者描述拉弗曲線？
q803,8,mc,單選題,29,171,171,B,假設一國處在拉弗曲線的負斜率部分。如果該國要使稅收金額增加，則該國 應
q804,8,mc,單選題,30,171,171,D,美國雷根總統
q805,8,mc,單選題,31,171,172,A,下列何者與拉弗曲線不一致？
q806,8,mc,單選題,32,172,172,C,根據上圖，如果政府課徵每單位 $14 的稅，則這$14 的稅有多少是由消費者 負擔？
q807,8,mc,單選題,33,172,172,B,根據上圖，如果政府課徵每單位 $14 的稅，則這$14 的稅有多少是由生產者 負擔？
q808,8,mc,單選題,34,172,172,C,根據上圖，如果政府課徵每單位 $14 的稅，則政府稅收金額為
q809,8,mc,單選題,35,172,172,D,根據上圖，如果政府課徵每單位 $14 的稅，則消費者剩餘減少
q810,8,mc,單選題,36,172,172,C,根據上圖，如果政府課徵每單位 $14 的稅，則生產者剩餘減少
q811,8,mc,單選題,37,173,173,B,根據上圖，如果政府課徵每單位 $14 的稅，則無謂損失為
q812,8,mc,單選題,38,173,173,B,根據上圖，如果政府沒有課稅，則均衡價格與數量為
q813,8,mc,單選題,39,173,173,C,根據上圖，如果政府沒有課稅，則總剩餘為
q814,8,mc,單選題,40,173,173,C,根據上圖，如果政府課徵每單位 $10 的稅，則這$10 的稅有多少是由消費者 負擔？
q815,8,mc,單選題,41,174,174,B,根據上圖，如果政府課徵每單位 $10 的稅，則這$10 的稅有多少是由生產者 負擔？
q816,8,mc,單選題,42,174,174,C,根據上圖，如果政府課徵每單位 $10 的稅，則政府稅收金額為
q817,8,mc,單選題,43,174,174,A,根據上圖，如果政府課徵每單位 $10 的稅，則消費者剩餘減少
q818,8,mc,單選題,44,174,174,D,根據上圖，如果政府課徵每單位 $10 的稅，則生產者剩餘減少
q819,8,mc,單選題,45,174,174,C,根據上圖，如果政府課徵每單位 $10 的稅，則無謂損失為
q820,8,mc,單選題,46,174,175,B,根據上圖，如果政府課徵每單位 $10 的稅，則消費者剩餘減少
q821,8,mc,單選題,47,175,175,A,根據上圖，如果政府課徵每單位 $10 的稅，則生產者剩餘減少
q822,8,mc,單選題,48,175,175,B,根據上圖，如果政府課徵每單位 $10 的稅，則政府稅收金額為
q823,8,mc,單選題,49,175,175,C,根據上圖，如果政府課徵每單位 $10 的稅，則無謂損失為
q824,8,mc,單選題,50,175,175,B,根據上圖，如果政府課徵每單位 $10 的稅，則
q825,8,instant,即席測驗,1,175,175,A,課稅會造成無謂損失如果
q826,8,instant,即席測驗,2,176,176,A,春嬌經營一家民宿，每個房間每晚收費 300 美元，剛好等於她的成本。志明、 阿呆與阿瓜是三個可能的顧客，分別願意付就 500 美元、325 美元與 250 美 元。當政府對民宿課每個房間每晚 50 美元的稅時，春嬌將價格提高到 350 美元。此稅所造成的無謂損失為
q827,8,instant,即席測驗,3,176,176,B,春嬌原本每週付 50 美元請志明幫她割草。後來政府對志明課 10 美元的割草 稅，志明就把價格提高為 60 美元。在此情況下，生產者剩餘、消費者剩餘 與無謂損失的變動各為何？
q828,8,instant,即席測驗,4,176,176,A,如果政府想要透過課稅來增加收入，但又希望無謂損失盡量小，則課稅的標 的物其需求彈性 _____，且供給彈性 _____。
q829,8,instant,即席測驗,5,176,176,D,佃農向地主承租土地耕種。如果土地的供給是完全無彈性的，則對土地課稅 ______造成無謂損失，且______負擔所有的稅。
q830,8,instant,即席測驗,6,176,176,B,假設某物的需求是完全有彈性的，且供給具單位彈性的。對該物課稅 ______造成無謂損失，且______負擔所有的稅。
q831,8,instant,即席測驗,7,177,177,D,根據拉弗曲線，當政府對某物減稅時，可以同時讓
q832,8,instant,即席測驗,8,177,177,C,假設蛋市場的供給曲線為一正斜率的直線，且需求曲線為一負斜率的直線。 當每顆蛋的稅額由 2 美分提高為 3 美分時，無謂損失
q833,8,instant,即席測驗,9,177,177,A,假設皮蛋市場的供給曲線為一正斜率的直線，且需求曲線為一負斜率的直 線。當每顆皮蛋的稅額由 10 美分提高為 15 美分時，政府稅收
q834,8,draw_tf,繪圖是非題,1,178,178,X,在政府課稅的情況下，總剩餘等於消費者剩餘加生產者剩餘，減去稅收金額。
q835,8,draw_tf,繪圖是非題,2,179,179,O,政府課稅使買者與賣者都變差，政府收入則增加。
q836,8,draw_tf,繪圖是非題,3,180,180,X,課稅之所以會造成無謂損失是因為課稅造成交易量減少，而使政府稅收減少。
q837,8,draw_tf,繪圖是非題,4,181,181,X,就課稅所造成的成交量減少部分，賣者的成本都高於買者的支付意願。
q838,8,draw_tf,繪圖是非題,5,181,181,O,給定需求曲線，當供給的彈性愈大時，課稅所造成的無謂損失就愈大。
q839,8,draw_tf,繪圖是非題,6,182,182,O,給定供給曲線，當需求的彈性愈大時，課稅所造成的無謂損失就愈大。
q840,8,draw_tf,繪圖是非題,7,182,182,O,如果供給是完全無彈性的，而需求不是，則政府課稅並不會造成無謂損失。
q841,8,draw_tf,繪圖是非題,8,183,183,O,如果需求是完全無彈性的，而供給不是，則政府課稅並不會造成無謂損失。
q842,8,draw_tf,繪圖是非題,9,184,184,X,假設某一必需品與某一奢侈品有相同的市場供給曲線，且無稅下的均衡價格 一樣。如果政府對這兩種商品課相同的單位稅額，則必需品市場的無謂損失 大過奢侈品市場的。
q843,8,draw_tf,繪圖是非題,10,185,185,O,在其他條件不變下，薪資稅所造成的無謂損失，隨勞動供給彈性的增加而增 加。
q844,8,draw_tf,繪圖是非題,11,185,185,X,政府稅收金額隨單位稅額提高而增加。
q845,8,draw_tf,繪圖是非題,12,186,186,X,當單位稅額不斷提高時，稅收金額與無謂損失呈同向變動。
q846,8,draw_tf,繪圖是非題,13,186,186,X,當政府降低單位稅額時，稅收金額一定會減少。
q847,8,draw_tf,繪圖是非題,14,187,187,X,當政府提高單位稅額時，稅收金額一定會增加。
q848,8,draw_tf,繪圖是非題,15,187,188,O,假設商品 X 與 Y 有相同的市場供給曲線，且無稅下的均衡價格一樣，同時， 商品 X 的需求是完全有彈性的。在此情況下，商品 X 的拉弗曲線位於商品 Y 的之下。
